,0,1,2,3,4,5,6,7,8,9,10,11,12,13,14,15,16,17,18,19,20,21,22,23,24,25,26,27,28,29,30,31,32,33,34,35,36,37,38,39,40,41,42,43,44,45,46,47,48,49
0,-1.1645316091955922,3.52015430723539,2.4458008420096586,1.3665982320204844,0.32244098938319943,0.4582109208438828,-9.14567644226575,-2.1049882956542008,-1.6129352004314725,-2.786150636748276,-2.568604335986963,-1.1809158312933419,-3.803557465359637,-2.611280465348548,4.3360713131120265,-1.5031029584438809,-1.7306559452291068,0.04094810159754965,-8.34494588941394,0.24367502082641754,0.4937406180875857,1.1865998217047973,2.505210573298369,0.12758362132015974,-1.285833174852713,-11.081033019997994,0.5907641477686816,-1.1337627682404956,-1.177180526764391,-2.9978284509188087,24.699293959712463,0.6595984363079783,-0.20876780872487036,-0.10685696034797447,3.366823348936261,-2.617307204861221,1.789655506671175,1.0172011546726056,3.2677295775610884,-1.3732367780799972,-1.703184742148579,0.9786093112253649,0.5713982625620424,-2.2284215984494384,-2.8649024803134386,3.545758150365972,-1.372096730756884,-3.5964334951586765,-0.6742910796779458,2.61180206465132
1,-0.9715013868742277,3.855411862737955,2.0912643872636654,1.7035002308538085,0.6589144508285985,0.040637781768472846,-9.774816623057742,-2.284638757496394,-1.335199310466031,-2.7622928488464877,-2.4827862108050494,-1.2586230728686687,-3.8395599376440015,-2.1928830121922736,4.793417865178498,-1.452667707661081,-1.8067021686382927,0.07096268424828046,-8.666715044542483,0.2661810692897648,0.413564284388176,1.4540285930695445,2.4110878204328263,0.3727991047374553,-1.411303510301718,-11.644278092031568,0.09693335777821384,-1.0386350190517906,-0.8529277312883303,-3.4346133418813487,26.388782209091495,0.9276620167443518,-0.3882777321607254,-0.2658980068773467,3.2622293715259185,-2.183610744093871,1.6988234398830508,0.9234142695787183,3.1156987399021987,-1.5144252417152457,-1.8781343848157228,1.160300507355854,0.39841984707813893,-2.2758293126969242,-2.6861502737492406,3.446285840152254,-1.0968077913235883,-3.856936449087115,-0.9841125728476189,2.6948867523903317
2,-1.0103692580208645,3.7405950974355666,2.2434258537720684,1.583941547772885,0.4455884763967719,0.3339650493402775,-9.371612405884965,-2.337429345502008,-1.573876666728646,-2.6320673756441177,-2.1313385826004274,-1.306387800168885,-3.5448732093510755,-2.2277621893049147,4.896755074348755,-1.3808987678536935,-1.8330719843030894,-0.01259307752785902,-8.371078474457697,0.09328981166091908,0.9032548049502008,1.264693422070231,2.6449324538806365,0.17808680719232078,-1.469677468244209,-11.660844854219242,0.2374178507023482,-1.1699395066202432,-1.1600132641870569,-2.9398931472767775,26.73929443226451,0.7804616393515282,-0.44867793143603846,-0.4248709829114044,3.1213256340578077,-2.5109953001757765,1.6241008677613502,1.1737418109412001,3.458111330850276,-1.7001373431917433,-1.8493338833921709,1.076310728279293,0.9245847432325899,-2.5437776032718573,-2.6744894279809426,3.330860150932648,-1.3519424247926337,-3.5019682265966994,-0.4880169247425827,2.7825262863120126
3,-1.1290826653527133,3.9151710545032916,2.2316879485122336,1.4091677469842363,0.8829940991091334,0.39222486911563087,-10.22026165006451,-2.350445267815366,-1.2392128432326979,-3.17869078457406,-2.8074641095367836,-1.5861173698380842,-3.7979112299203748,-2.524980139940389,5.056821811124094,-1.4620036045444482,-1.8772739386775632,-0.12878036633799475,-9.046343538039604,0.2990137836224316,1.2880478134806788,1.5072724353029687,2.9533912321790283,0.2854980819745678,-1.7203342583998056,-12.523456803695156,0.37954178881609374,-1.0998394784201013,-1.0058278798704263,-3.3257294130352735,28.072973626050075,1.2462000899422374,-0.11843899637158845,-0.0320412224472538,3.3525416930801675,-2.6125476425804175,1.6829981045262807,1.5225879305310415,3.7022480400282145,-1.4725848933213948,-1.9485773133909658,1.2623748715951202,0.9611715575176082,-2.4816587660882523,-2.6239994102230266,3.9195659994429968,-1.7834453994120187,-3.768465834410421,-0.6151693523055686,2.8778228206195258
4,-1.2273332364985081,3.8712826669196074,2.213310977477741,1.361939821700369,0.5686134296118243,0.5409363025981286,-9.880019012284299,-1.9941572785701194,-1.6427134633434335,-3.303357701847734,-2.495538542867769,-1.3209102170161744,-3.7710468387966527,-2.569436626838036,4.618539593980007,-1.6255601887362028,-1.8886541924182152,-0.18542085759741042,-8.628398598909774,0.4112899300504004,0.7547409884914503,1.4101630268060725,2.8484441582146194,0.2193686940586585,-1.5579160934255583,-11.823145139569357,0.5211848629634307,-1.180071317670845,-1.0772100085327114,-3.0650631455184754,26.41465575668573,0.9539584225538736,-0.37649204719971413,-0.2595188081371898,3.5651262666435155,-2.6309189530827224,1.6727904346617433,1.174211468763298,3.707173712662555,-1.0647425775844233,-2.1206212009414496,1.467970610169273,0.7364488063008092,-2.9619188087975448,-3.16167350203297,3.500198400120534,-1.7473836134798617,-3.9954994353136497,-0.47946577114781186,2.9232294067231908
5,-0.6243991977568991,4.19344865707245,2.5255305930217333,1.7573470664764357,0.7667847286363946,0.45021829860644197,-10.053874178575832,-2.84117667827347,-1.7340301494117822,-2.6376100297573437,-2.3005401311943827,-1.2894047270578866,-4.06241885837721,-2.704595658604148,5.373088646655,-1.4592697209176821,-2.327653944294429,0.5313977065759907,-8.827303343300542,-0.0255015161477551,1.3273676864783428,1.1954839706235418,2.554183269651129,0.3549723358641011,-1.6158641049549711,-13.238009125807254,-0.1564741880424297,-1.260207179095538,-1.302437569311673,-3.1424168000649644,29.584275744001488,0.8999012380018415,-0.5448240549338988,-0.0728090915899845,3.4799583153764355,-2.780247788319221,1.7675366684936256,1.2328792331893241,2.9206772649703625,-1.8189546450485852,-1.7259272599664626,1.2088024121368526,0.7035450678685703,-3.089143716900638,-2.621967157559815,3.513434565209057,-1.7857329457980642,-4.314249927621253,-0.6890090810776285,2.7535057743729885
6,-1.2446213631166239,3.713608250040624,2.0886050303740027,1.256203553942697,0.7894299607848718,0.2676718309420198,-9.327853602543705,-1.9209745351407828,-1.6613584487730293,-2.609530698728513,-2.562181104199573,-1.466235154334734,-3.4602350485740474,-2.405399784205545,4.627436578763314,-1.6127295831512845,-1.606352624281814,-0.19547370274384002,-8.060854173631284,0.37612218764095395,0.47495243086488587,1.4965263673613654,2.826274271533992,0.14485942903578555,-1.4560392703678458,-11.504462864385237,0.35791552770599816,-1.0360120378630737,-1.1103770243225228,-3.2028920907458605,25.696568215570604,0.8345945333753534,-0.18338601731697327,-0.12477062083094821,3.067187683681996,-2.50498782150186,1.537530171166507,1.2300688375261941,3.5011778802837092,-1.3364175521851314,-1.8538205457687378,1.2196471200851429,0.7024440089259499,-2.297172934233485,-2.320007088216708,3.3150966679159124,-1.704011310959164,-3.5816826137098756,-0.8005845511880342,2.71093876320011
7,-0.8513666697158309,3.548280322258951,2.0087034045236494,1.660595592698046,0.645581475939962,0.34054399260301416,-9.061956600543736,-2.0673668366168103,-1.5955779109001025,-2.3253747319124285,-2.312039575934563,-0.9252149169308725,-3.255248617290837,-2.1451258128728723,4.51735472622366,-1.4996023143973918,-1.6650632095692228,0.06808168396178331,-7.795148273974346,0.21414166745050905,0.7236822846029534,1.0934773789369654,2.6044577886454605,0.13198087777565418,-1.4675933753849444,-11.385695427451486,0.5634710620674938,-1.0250266241715265,-0.8786974798776218,-3.124233267148692,25.39081783982468,0.7130082374175868,-0.4921644839720193,-0.39923663568104173,2.7368494049465166,-2.3057884647225326,1.360013163273692,1.1828140330632118,3.4994122664195526,-1.2947577239638282,-1.5576543678053991,1.3743745620820962,0.3352667323161399,-2.3104509047473707,-2.3877977814875795,3.200137314390149,-1.518719724570906,-3.5444814628425787,-0.7734729007412411,2.9686282354687132
8,-1.0751107585505686,3.650441877294146,2.276920572007903,1.4403430000380657,0.7689315362813296,0.639277410811162,-9.019883826786257,-2.275620295743878,-1.65129968539587,-2.5588321643995853,-2.3310175373863853,-1.3442453854111036,-3.6787466680580496,-2.4034205255892567,4.991257735136602,-1.5452198695792132,-1.7693384812476984,0.20651286649517486,-8.248265324596106,-0.27692033265415306,1.0389949744222708,1.1329634378135267,2.832943193501377,0.3372102287441006,-1.3363025159777413,-11.129228333032174,0.2809828268286892,-1.1935912842168246,-1.007746149571736,-2.9310946512518297,25.949193874066278,0.8410453146766317,-0.4687981758980703,0.30103722037773417,3.2844143015155134,-2.4440408705536516,1.6286572318379537,1.262256515223833,3.3479710401795892,-1.484587009681194,-1.6880263123856438,1.0869387506501915,0.5862993308395312,-2.7388960726324036,-2.268657037846612,3.4497948437063166,-1.2146609118797895,-3.8330980526296052,-0.6772707307873621,2.557653526451547
9,-1.002529685008921,3.99771242946975,2.5497926935368516,1.2383746063779488,0.7727024084652001,0.31545083749408964,-9.720107228710724,-2.3019660248484173,-1.6039436468890267,-2.789171365534131,-2.792169251651081,-1.4014474672307191,-3.9870482369119635,-2.6342946460546512,4.894413205223725,-1.6882243482569128,-1.8553705485695111,0.12657278757557483,-8.692639200468784,0.10907519882827506,0.9072842110347249,1.2238740312240786,2.499919640616898,0.1028940579768412,-1.3843524549388084,-11.899504763169928,0.2188615236618074,-1.2073989855713436,-0.9168028934144989,-3.2748949104214296,27.282836899394667,0.8701929375196982,-0.1831509774323475,0.18058074633068102,3.6479273644911787,-2.4410429761921075,1.8416819310239438,1.3780663804694857,3.3240379206284865,-1.5752915139650656,-1.9695832888671456,1.0028404169108525,0.7638615892602836,-2.5850529685075934,-2.8857727548629217,3.636432353992593,-1.3935113434065654,-4.063880172874807,-0.7485205850011202,2.630308327924749
10,-1.3122944919731103,3.599406181184999,2.1479309062398944,1.675181845242656,0.46661814817293845,0.010047251102004813,-9.85227731248821,-2.4358035699188414,-1.7667128926589024,-2.6604078506641056,-2.24093839527274,-0.9505594610051108,-3.9047974412119033,-2.3301055747092247,4.90341215297065,-1.358309889457178,-2.0000851347559205,-0.07617362865685454,-8.745592790578847,0.22550292974465244,0.5973224760269322,0.8350090557381382,2.233710391636508,0.06618437978729463,-1.5284554496198088,-12.060062254956119,0.2368801800145572,-1.3183954512257887,-0.7708858108316876,-3.360045656615364,26.755699241505408,0.9668186416273431,-0.660234761145983,-0.6429251594497438,3.020158892961277,-2.2665346821199246,1.8044908610515917,0.9311181158169132,3.006996672139853,-1.7239926678753332,-1.9930458192160643,0.9054561134662454,0.14476640916616534,-2.1387832239286833,-2.5825949638441967,3.4757003833112834,-1.1468083651464915,-3.681110257331976,-0.8205327281879775,2.7926162224460915
11,-0.922052788825641,4.285175223454921,2.057767942285307,1.627704456608391,0.5993523548195314,0.2918955513458763,-9.569468255401102,-2.021660596956938,-1.7179625930074918,-2.5379500939084667,-2.3612606560796836,-1.070573356563894,-3.784665362945657,-2.3436367458692997,4.943157637226251,-1.515454087872366,-1.9085971306397083,0.1023675878585198,-8.5847808537499,0.10367828518362784,0.6294842367130683,1.6376559968130087,2.6350930957103027,0.15544442306930428,-1.2047723015977538,-11.576159497059214,0.44220112216626434,-0.9407189746402845,-0.9344744350793639,-3.3667433036970356,26.5218870383792,0.6180351443626496,-0.253868264013878,-0.32709353972192595,3.3436679650354466,-2.3452134405747898,1.8824557833623212,1.2018839272789024,3.5993668095593767,-1.4262715345033112,-1.745835522226463,1.257662333024289,0.5521213339040568,-2.6100077637103705,-2.507349039511505,3.250075768103355,-1.256588839571498,-4.249485768825548,-0.8003235033031637,2.871005919842129
12,-1.2651810995582888,4.174146994184389,2.250306575412728,1.5113713613567763,0.7720890809586212,0.2730177635607458,-10.143143153301844,-2.4614844376886147,-1.9373641610441736,-2.5680015934677285,-2.5998929401978628,-1.3386562253402317,-3.834679562884828,-2.4211253515513738,5.457563889368575,-1.7483769783782523,-1.923174360675614,0.2585986303845873,-9.171915197713794,-0.007136917159755123,0.7642635142434773,1.2337575562408183,2.977560979964609,0.31191120775947534,-1.622948150454921,-12.060379878451975,0.33299281217325616,-0.9322357393007692,-0.4371675454282603,-3.6515697118595676,28.053231925024274,1.0206121210661545,-0.38705419052623147,0.257320222601968,3.719712045663652,-2.4092157212095127,1.8098379888959886,1.4003000046051852,3.7246470757224017,-1.3394493631224669,-2.094663517680367,1.354226145524843,0.8109765933719363,-2.786734112812411,-2.679187650952336,3.666492622025656,-1.3352938178280949,-4.361290494567971,-0.7790044435048772,2.939945159591972
13,-0.9692073837175518,3.5493113110641286,2.6572654962012483,1.5469222145291723,0.6538210349151238,0.5715943769179433,-8.640224077469133,-2.3888792925730895,-1.3493297528356996,-2.2460611117323936,-2.1273471892252855,-1.4249060319021196,-3.4096176101052778,-2.2382947889941693,4.790005947459246,-1.646670339266636,-2.236674051049678,0.2525967324909158,-7.717061935793854,0.03818639852700108,0.6961025676739732,1.1051363036598565,2.728299143202227,0.10289986041132351,-1.3294570093676776,-10.650353305201252,0.3184333936943192,-1.4232671518365718,-1.0579261958123107,-2.8054197616476166,24.94854252435473,1.1382454849907149,-0.3500970385369112,0.10818684634203392,3.237708471771348,-2.476069150881134,1.5951696268193032,1.2292782783432263,3.1816313425881124,-1.645792267752253,-1.915639481734939,0.7414160226203659,0.8277724095351409,-2.2692174897086757,-2.463032224382218,3.0740350706284603,-1.2741819059129318,-3.3729501654240015,-0.4380164262028731,2.6120981303273343
14,-1.0244255690890827,3.9698043223772714,2.610196683082911,1.4585747997293605,0.537026784386336,0.159633332682067,-9.507698011328577,-2.405174640054209,-1.7523041371773045,-2.665562019181714,-2.2350019869191247,-1.3784312756452928,-3.8798219142358255,-2.4582268467388557,5.138399284440627,-1.4339398166204589,-1.9189965131945315,-0.16982673267998202,-8.545753537573683,0.287568240210793,0.7196602152746587,1.2905645742677105,2.6480326708559767,-0.018950827911973743,-1.4042257757512473,-11.785175767959139,0.31205801687440504,-1.5683792821688982,-1.1243424515606208,-2.7689433654631346,26.699198237499736,1.0978607921837698,-0.43340552855726794,-0.4584606059690015,3.131429666134707,-2.6978850305846898,1.88339696894797,1.0700804025268322,2.9922578971653038,-1.3203342352483376,-2.0324959941672796,1.0312567000629622,0.9097410080782864,-2.361575060393212,-2.6652233713297515,3.2920152169867407,-1.6818729519587123,-3.489367640060601,-0.8754811754328226,2.809683530744997
15,-1.0573722996879467,3.3823031229174645,2.2234629044458516,1.6037374617318096,0.8822596591354553,0.5315854806381773,-8.67214079835662,-2.103762067055084,-1.6792806171767793,-2.275178464842921,-1.9805499762865204,-0.7970840331862901,-3.832843445930987,-1.9274491122553044,4.748944586537018,-1.3224762548133686,-1.7091145828603986,-0.06396156919447604,-7.90859533649218,0.11491382830833848,0.37963225217287216,1.1131353418276972,2.364052429917672,-0.06774768415408579,-1.29019662189086,-10.621601800674918,0.3559003524631717,-1.2198222904347689,-0.708317113577672,-2.966460218458889,23.836799901190364,1.194752152696686,-0.3611835980366529,-0.178217007379783,2.9707914449452995,-2.035791569980521,1.66809375434619,0.9666714079891396,2.709106235859534,-1.5806179411543886,-1.7708224086916897,1.1425208539105305,0.192568667881876,-2.21142204277083,-2.3307105444931646,2.985468213365578,-1.2072220206352469,-3.2143064447754415,-0.8225160055954902,2.6249574595858793
16,-1.0291521660156082,3.8670571765548134,2.32022755312848,1.6129001812199746,0.7778917322356239,0.45808590338432403,-9.228032448914014,-2.3275803807233375,-1.6011012950971297,-2.4385449229741796,-2.3396526160126307,-1.1199468761303555,-4.013460779223271,-2.242740583768094,5.146077183436087,-1.2763876775940546,-1.9608971080199824,0.04291796452498593,-7.983535757120861,-0.11482296223437258,0.981301610297919,1.5668263115820091,2.5972073075927433,0.23734298498804718,-1.458498567232895,-11.227840037632637,0.3239820136596095,-1.084095510919723,-0.8531518210235298,-2.976250022581496,25.998152011507646,1.0648538517539536,-0.36453280501880925,0.10821537939654269,3.244620563163549,-2.3774147147000786,1.8107691528861865,1.1730349273641982,3.3503779669819274,-1.6426420950346274,-1.6803295970057692,1.2363993796934627,0.47181184871291604,-2.5289561448959152,-2.48954928660776,3.155137321841652,-1.3472885976876086,-3.801867049088619,-0.6782547663191907,2.9806244327068843
17,-0.8361054440255417,4.0200265478577055,2.605114048896131,1.0786981673468587,0.5724156883290061,0.34908829429188115,-9.565308826524532,-2.361126334755331,-1.5997717211929858,-2.9271638730075766,-2.8073085882676607,-1.5267480519626215,-3.6686555909486604,-2.530990628182805,4.960286958365831,-1.7670043970989946,-2.309996933170173,-0.0020171994978462958,-8.781845628834635,0.41851464882612327,1.0998452828504868,1.2759130663826341,2.8338544489312687,-0.07029438968953186,-1.668637318571225,-12.037435580978572,0.4539527178329387,-1.2422044374864571,-1.031524041632812,-2.913610515810758,27.391715992325274,0.8260088119526715,-0.13245290410637778,-0.2364913468154857,3.3300856714155067,-2.5505497056089768,1.8980970387544662,1.1470188463317517,3.5046876213456595,-1.372291224478705,-2.0703778601522678,1.0303362786835808,0.9744769860693571,-2.2310172168647213,-2.923589841323139,3.386816831885244,-1.5949813098143841,-3.818758581001004,-0.7521617098794774,2.7304883982888306
18,-1.4367950314626865,3.485267334706461,2.390600820158019,1.5847360362010283,0.5801184351600327,0.22713776776229685,-9.433929375703475,-2.1022934820352295,-1.9207396418251914,-2.351140964097412,-2.5688475186097643,-1.159002777977975,-3.78612546416386,-2.312024556191414,4.729574494982035,-1.545135098844023,-1.6298445479860018,-0.19819341610088212,-8.829273140479662,0.6007878619692953,0.35142488125303345,1.3914808831081407,2.710617671546457,-0.04395761209417147,-1.640446810185394,-11.113739452326973,0.7553080405881767,-1.2026088556257113,-0.8201450711622299,-3.3017119971606066,25.172601822901694,0.9703262838154367,-0.1268854192123454,-0.14608545777395585,3.40422276814472,-2.39212200022793,1.8575315657866474,0.8309050813771551,3.366243600931652,-1.5623054650887018,-2.0390666100557095,1.2040603145890736,0.521504397759009,-2.223986689166011,-2.7646393536166824,3.500063989343279,-1.5406439394689977,-3.5515823803592723,-0.6521177093917655,2.9744823918182384
19,-1.0604735857909597,3.6225995396365103,2.0286832487840356,1.5698820429426212,0.6607232487767645,0.22938185344636522,-9.535966376463868,-2.3163955002272276,-1.6811641197342149,-2.6223499135954014,-2.113154586933321,-1.1942064949593396,-3.849308853397366,-2.339778131739664,4.983704272260576,-1.3618406420763227,-1.6468981707745778,0.06103579130476131,-8.30800790584667,0.2645340108066864,0.5805309675997027,0.9934147093366918,2.5575982173874157,-0.019209838406744017,-1.481392697252093,-11.854319043477224,0.25700600545909014,-1.0461051874855125,-1.0056945682814629,-3.1272303919055076,26.294977434643652,1.1355787260787829,-0.4139628155443929,0.058591514711548054,2.93878615697195,-2.6222740032496925,1.31931260289951,1.4630264142318052,3.3560607282720896,-1.4741389733562917,-2.002983997740443,0.8915522240535207,0.8970600199358961,-2.468814876198044,-2.2682393168459045,3.4920022885454425,-1.5335397904829653,-3.1408853235395133,-0.7267488724518824,2.5766873735688773
20,-1.3226754130924734,3.336602882014368,1.884209047708738,1.4261789904196664,0.5789699679409555,0.2870189770453515,-8.253723599971385,-1.7563657001830575,-1.415586833316832,-2.405943819865448,-2.020808456629457,-1.2806722107379287,-3.344396736955417,-1.9481908125801835,4.278880134034796,-1.2635796928552758,-1.45765003964694,-0.18148342393503572,-7.386458655291314,0.1758478536391933,0.5204920181532912,1.091400559175351,2.370956436035488,0.0744967503163562,-1.4102219726836451,-10.19943078236364,0.6411634568736759,-1.0089487481962929,-0.8961731925366412,-2.809208730395466,23.153705197235478,0.6981627908868208,-0.30351030361149534,-0.20731784227238628,2.855582004262344,-2.187916271869928,1.6084531249002012,1.1029236312323345,3.0655442314782335,-1.182889370285866,-1.7982257223494245,0.8907369992462492,0.6792279552103545,-2.1464432847383983,-2.1497386558808382,2.985967434887919,-1.293149786355312,-3.1991888600944542,-0.7242310493047044,2.477618864130914
21,-0.82252193058782,3.4112186710633274,2.268529663534917,1.6532471944063105,0.40304090443973195,-0.1475095542292204,-8.544127004170303,-1.9355237493643733,-1.5344067190253818,-2.3596718915624897,-2.0089363342381024,-1.3602809313687034,-3.321195484244595,-2.2010884467635803,4.285168142352314,-1.4953127324364752,-1.758679714822922,0.34811208934548254,-7.960966113961003,0.3264344954085784,0.32697000794776343,0.9066003360911883,2.1379061318262034,0.0015927681353011946,-1.692901272825772,-10.519400759515415,0.3868970085214236,-1.0711541961604518,-0.9241665012998191,-3.14415382654903,24.0548061415711,0.7764982306471084,-0.35675145674868225,-0.2884291734098375,2.961176192402744,-2.104962214419498,1.600052477289757,0.7788419714814436,3.157240373575627,-1.2221294702648233,-1.863582890147658,0.6876673304527359,0.7627710109841257,-1.9820732090542226,-2.5216847853036257,3.017326989914124,-1.3083926408590574,-3.2045226297460494,-0.8099516177116783,2.30063293267368
22,-0.8822824670382776,3.2079228959476076,1.6623416187943576,1.2936179853439917,0.46357609872835037,0.24601227916941454,-7.880221561862718,-1.6831211359717364,-1.4951343175533904,-2.19171834314207,-2.1232066396381013,-1.1319444620462595,-3.247002818991079,-1.9399692189263502,3.9182116835925593,-1.1427428937391813,-1.5022517747148163,-0.08563283880228507,-7.1353408058572585,0.1517007762476868,0.44369491751642165,1.367744076656162,2.100881155477182,0.14743575171868076,-1.3232510755502411,-9.658996272342671,0.3452645711570074,-0.7147204845886991,-0.7525320608727448,-2.7012812543420672,21.61322378277706,0.7171031111472804,-0.27499624860046745,-0.15535044604167259,2.7323528736495764,-2.0637837686595324,1.3777343211284174,0.8068664824316211,2.764191599488835,-1.1853548244647145,-1.5254905974393531,1.06175924820234,0.4651936929335713,-1.8847760955945432,-2.154425820514911,2.744664790840499,-1.1696665881869883,-3.1529481819103236,-0.6966621432948625,2.2348120724093774
23,-1.2456038942357959,4.063046489875432,2.6260447052235234,1.847330533554549,0.7337662741636285,0.18685503133796327,-10.198500019119102,-2.3194480501999624,-1.6913228699183724,-2.623625329023995,-2.5411837895167224,-1.1419906121011703,-4.374101838094151,-2.1483165942467806,5.099537438449844,-1.6038490594697492,-1.9366150526207948,-0.1092992382763602,-8.921982302729338,-0.03688829312722653,0.5849075261697105,1.5707159009987408,2.792313853799142,-0.33988318001496787,-1.785435624424885,-12.559240984162225,0.4929056176352681,-1.1205950078717946,-0.9160237829655006,-3.431118274554823,28.42414958368956,0.9121606615789478,-0.3349402994164146,-0.6739734160733245,3.289619968361381,-2.366411945115458,1.9674880102805725,1.0697520409075463,3.632289037427414,-1.560988139009752,-2.0607508462706297,1.2806090318057894,0.3888682983503454,-2.4433175314859215,-2.4823011252220053,3.443060762313388,-1.6885197187790189,-3.6697383954618665,-1.0928653903976524,3.235523846928073
24,-1.3172378210663487,4.023210014116599,2.325847150970668,1.7532634885615352,0.6985351461706947,0.04721126208872919,-9.416122737251328,-2.04924259745621,-1.6926500068375074,-2.673334159182593,-2.3812246509488393,-1.4589844045504552,-3.786456824864256,-2.1274321135835272,4.739076486551822,-1.5481945967440436,-1.9228166776669717,-0.07959464679757136,-8.432313062292442,0.23222884684314915,0.586701536933631,1.2301885082171744,2.4883042553864017,0.00691371714595538,-1.4210393998913837,-11.398347536154832,0.1780729184100378,-1.2605561307875208,-0.8563320938531496,-3.3909488004440957,26.645816673986136,0.8458336716535021,-0.2145785977424817,-0.08497874930881531,3.0992257084414887,-2.262107123772464,1.7933539531428437,1.324291007964017,3.5606156026280846,-1.4810600844025716,-1.8847812974896205,0.6943409160222959,0.7619118722930328,-2.1342733413447985,-2.5984078191210203,3.4251592590964974,-1.199104686272749,-3.799157944153489,-0.8580581328943886,2.5513473802335764
25,-0.8747357423148876,3.419242906268101,2.284409022808872,1.6984586320586845,0.7975047798376826,-0.014168610976279285,-9.416672860986436,-2.3084397586131717,-1.4372528045071145,-2.475999821384722,-2.3344875188915792,-1.2408390864972645,-3.5442768574823074,-2.230571995231298,4.748289728780572,-1.4700171397165696,-1.9677684260415054,-0.13871892077914558,-8.217120432550885,0.06194363992940688,0.7087319095532278,1.0766940755362189,2.7619426004679206,0.25213590913233264,-1.6232809061905238,-11.597178639916,0.4053574324747363,-1.0597947346860006,-0.7587594291323583,-3.1445835550862595,26.75524917068585,0.9565720918718871,-0.2425680799855477,0.015977010602582525,2.9365369052273294,-2.373716066147164,1.3975945402658636,1.238823238889666,3.503297212205147,-1.3229622053675212,-1.6297916125517293,1.250821951300982,0.5665776781106788,-2.0830463983778973,-2.2699224985447044,3.4878715421784983,-1.4040260300027094,-3.5042249418133293,-0.7442636034114707,2.6671485000244797
26,-1.471989149955566,3.315757315410411,1.966774029545384,1.652486697230234,0.6309805004928513,0.02919337616424027,-9.108545113674616,-1.7790046486656166,-1.5820423514971302,-2.693210448218981,-2.4464679217848353,-0.8446867182219396,-3.7132075748971567,-2.2772834087394354,4.164030749951709,-1.6571073706477488,-1.6781869076653835,-0.2491870636613566,-7.86414858808231,0.03447667851186456,0.21571277226480434,0.9716709727614675,2.214113087858353,-0.05757497830542174,-1.426761931143255,-10.407671998977971,0.437456201334431,-1.043240190211066,-0.6574277296106682,-3.2230679550842547,23.457057905512894,0.6841766206859835,-0.24088849291344588,-0.03762765494323646,3.107115409889603,-2.181027841597187,1.46110401304764,0.9123011333636277,3.1844558136042944,-1.3062178585263413,-1.7431994493490235,1.0892332130967828,0.07432929822753244,-2.164121951876732,-2.3754649332913096,3.027908964976317,-1.113111292761282,-3.429480702639376,-0.7883641904858807,2.8391309194163266
27,-1.4161154784227876,4.114298382779996,2.237633226023999,1.7977701077178394,0.46999874186732393,0.30280121662657355,-9.773437464371348,-2.1229044944561264,-1.5665493478528785,-3.066551762458001,-2.439884896506343,-1.4258103141407847,-4.001008966259684,-2.626174189478411,4.829345860914457,-1.4244165255764238,-2.0436525150755407,-0.06898610237052265,-8.689717532519497,0.18025558827731594,0.9900546564517747,1.2499229433757115,2.3716407386348735,0.12818622257699627,-1.5642804230480527,-12.374864124937888,0.3011016166328089,-1.4274358295785543,-1.3294582697147106,-3.248465435506586,27.29474336490349,0.899164453986575,-0.5483661475228839,-0.5815854160426461,3.4262954690912806,-2.758391067901412,1.9507205014518016,1.3409763164914152,3.4430244681441944,-1.5885781392199048,-2.038711637831346,1.0566593434557765,0.5613721593895775,-2.560726598078897,-3.013847500974562,3.5212685709540072,-1.4747238857656544,-4.057964172905708,-0.6796546835021177,2.959880552148682
28,-1.2337034587817184,3.694142880093592,2.279221787415331,1.7402319001952542,0.338254294447806,0.13835766649421669,-9.098512423861484,-2.2381377727260663,-1.4726811637817938,-2.485468602015205,-2.235655008857779,-1.2718712402706651,-3.6050196459273964,-2.3724999227080654,4.654835942526027,-1.294407964115232,-1.8577134673864284,0.1801063160800818,-8.081068442299067,-0.3073875835718534,0.52439487525444,1.2067646370642098,2.6753914224475124,0.13514624422774918,-1.503187082409067,-10.90426894423236,0.49828914802478663,-0.7022612312134683,-0.7141153123021351,-3.075607848244522,25.14631939981465,0.8400246647252139,-0.46746134245367604,-0.1517843779857968,3.2491738038217375,-2.48969489004346,1.7038073298954663,1.027413848105807,3.2154137119649264,-1.4040426543145457,-1.7322655320215936,1.0250425291077714,0.5595926592662863,-2.398629647320381,-2.592555230580931,3.209849631634798,-1.231942271879859,-3.6396506499400663,-0.7563891446386486,2.804102010903873
29,-1.0130626051189728,3.6850058901667957,2.1439641011995487,1.4239591388041666,0.6628972246372525,0.1976040899165046,-9.09872398635627,-1.906614474893533,-1.7643455964409889,-2.8383976836557916,-2.2771012412163243,-1.1617996911949187,-3.601852202083929,-2.3510028239689897,4.424442374006,-1.3500388868238473,-1.797442609804725,-0.13814547068462685,-8.076567014260704,0.3736652055362503,0.7144757640371098,1.3026387521802545,2.474817069484988,0.013863969811357792,-1.3917480748259299,-11.508328044268207,0.6516553744714741,-1.3113304482052144,-1.2042727719888637,-3.049517805033247,25.544136295529235,0.7429653063352843,-0.5214318239015001,-0.5834996372312548,3.1477584944381523,-2.5099623803607547,1.4498541970203014,0.9673025216908708,3.3126761662375825,-1.3494415894275367,-2.133985706648128,1.0013534056790483,0.7112148941464818,-2.3941399754655293,-2.527400901653398,3.133619614604571,-1.3508717302125652,-3.602194656371718,-0.6640182192537261,2.583417396228616
30,-1.1256031290337574,3.8404473933520284,2.2781237510924806,1.7395737707089853,0.7496130913232055,0.40210750196954875,-9.312374287759072,-2.4081067316093425,-1.6359127690215451,-2.4448085808195326,-2.4051738031600123,-1.1301430520494289,-3.4047599019301384,-2.2444524025997405,4.927093110915295,-1.5106940020509183,-1.946818010244817,0.19090028100385997,-8.591540399582222,0.28333823610106434,0.647921700148146,1.0321071708389742,3.1424757190543993,0.2908356154198765,-1.5031020365534418,-11.453412578696234,0.026419211014496968,-1.0367933910829468,-0.6339301377537941,-3.4252632369976443,26.562409697063618,0.9302752225775137,-0.6214900387286988,-0.044945283785737845,3.385984545708013,-2.0648094623980784,1.658602958273749,0.9555934065482385,3.2442095744912534,-1.7548528252379103,-1.8675251073048822,1.0062471824686048,0.37982675331111593,-2.5186102295032606,-2.65123642141545,3.595514174737732,-1.1427063920282472,-3.737828691148771,-0.5222130855061349,2.50869604706818
31,-1.0476591584414527,3.353874764180996,2.2666734160128397,1.4051344860345585,0.7461055789229709,0.15938845928600648,-8.628360065775565,-2.0764620704059666,-1.428554063882976,-2.556009628414203,-2.1429084777975227,-1.2850435037168975,-3.583054988491496,-2.246857709330097,4.429751026137033,-1.3241864491171946,-1.7239043745781197,0.02637271320176027,-8.044724182853573,0.036247715949972524,0.8066542755051455,0.8949263836780803,2.2723402978745195,0.19375403857706344,-1.412115427448345,-10.243526385523515,0.300002136063593,-1.1125502335891322,-0.9488869927534713,-3.1586021027410958,23.525645321227262,1.1014756911053871,-0.09377873122612244,0.15184628908639924,3.0956294192441765,-2.356751421354775,1.7177365270327778,1.1092802080331574,2.969737270278673,-1.3031501969612325,-1.696450237106948,0.7534270239491324,0.6064490796481569,-2.1849662347694077,-2.270035032686314,3.109177041051309,-1.1136459475717513,-3.310913066637069,-0.6061526137908583,2.5055683014228167
32,-1.281798967449044,3.7780048138713407,2.8040918786496962,1.634353196916497,0.6325191073471422,0.18476252337798077,-9.971484254029324,-2.5068849574650502,-1.6620613132578257,-2.8849643394212006,-2.6300573466455255,-1.332116370641871,-3.649902135504999,-2.1967536519009285,4.957131722204603,-1.7153221351542913,-2.0889905960376614,0.056677894731315265,-9.106046787206513,0.016051671671448525,0.8204827470938817,1.095717689862669,3.005046059144975,-0.0950988735176736,-1.3994124118428561,-11.973684795724859,0.5812254878318667,-1.3205043860451215,-0.8769805695900726,-3.2243156420863515,27.875081741437352,0.9377431429594764,-0.27467792813720615,-0.030360710555978,3.461490932443708,-2.5211872482751327,1.6592595306276,1.1048001267676346,3.4521236025382276,-1.646796018509267,-2.2044302657372863,1.1230750564534793,0.7976185597476397,-2.468266674450355,-2.6709739294830785,3.621380099754416,-1.2365002258536586,-3.7056564444016935,-0.8254126607870714,2.871345622704285
33,-1.1274270275445957,3.8567539968096285,2.009233911315552,1.4294236694416944,1.0129899603040329,0.6516155950526855,-10.002305884135058,-2.390917197344624,-1.6294360165259796,-2.637571582533965,-2.614749162277028,-1.1870427020753,-3.7868980741573903,-2.324535996360687,5.427135821645643,-1.2702123398214826,-1.830423401895517,-0.4959480519629138,-8.557339639952518,0.15239764227586608,1.1643458322540057,1.5569622020278286,3.0199490655304984,0.11569776237374946,-1.5425554460397641,-12.624111945188181,0.20725008862415417,-1.261043041314475,-0.9830446089547102,-3.3560470752862286,28.40626194852721,0.9348442551312894,-0.4254948924274995,-0.45487381964104195,3.0767913310805373,-2.3407693410242074,1.7287915071281534,1.172245695720061,3.4704402298792285,-1.7102423930211808,-1.8883276873244492,1.436554173953169,0.39787521509725887,-2.39952387571864,-2.165637235881557,3.3914493005519226,-1.6344079719358762,-3.915085564982669,-0.8093839432757433,2.8990991579005065
34,-0.8906363643106359,3.66813537574936,2.0256893906274773,1.738287859118517,0.26592542567113486,0.20302317692403254,-8.85348500602965,-1.939445130555505,-1.339082967412497,-2.5281605811145202,-2.2680083578755124,-1.4279397337445545,-3.6177715773482273,-2.387736360479946,4.530814197016372,-1.314154524479088,-1.6471668407458144,0.13114394065677856,-8.594786994738868,0.31644335446986965,0.6285341968062313,1.326159931887396,2.2742633919961985,0.08789531723808836,-1.1654009647986403,-10.999619039639954,0.41789679386049555,-1.1257995090562871,-1.2234874633953492,-3.00592940693169,24.679829597014738,0.717190277755532,-0.24413580593105583,-0.1882594064048913,3.3170141703422873,-2.601134188550732,1.7831212349968972,0.8326827394836513,3.170548660470256,-1.2981573274311615,-2.1661732853382407,0.8555134745210771,0.8212505385272455,-2.328553672020041,-2.485851966176846,3.320290226420066,-1.2607760510693649,-3.9012547441693437,-0.5129899317148656,2.337466539003927
35,-1.1057779353998187,3.0870939276991822,2.2750409175003243,1.6227064869778243,0.7493346543775591,0.2266206878622974,-8.67435303301134,-2.2871476437680793,-1.494940518771376,-1.9568403061844704,-1.9568139036333394,-0.7400731183551379,-3.439893318200524,-1.9703323627256473,4.591013775498921,-1.282730391514359,-1.908891518190797,-0.19463373794363886,-7.606068713537207,0.22639512452098992,0.4433151395905686,1.0114017210475743,2.359181302078498,-0.03319786181450878,-1.4927997125325962,-9.911286029192553,0.48098259013748257,-1.1810654401191671,-0.6333913821821903,-3.0691860670991167,23.400587261079657,1.0065950925999054,-0.06957631243578216,0.023659093460356485,3.0159523896641325,-1.7466836003210897,1.6911354578864868,1.0824150892717421,3.190292301837512,-1.5251401115845187,-1.513626528966424,1.0453513288635023,0.23051450340838892,-1.7315381116843682,-2.322893101401127,3.111936528620886,-1.0322608335205934,-3.100293568866472,-0.5955789461659773,2.5500993298242802
36,-1.2063637702822376,3.945330939964359,2.5964351306704048,1.5380020617667791,0.5989566347846261,0.048739479575529716,-9.554311732000702,-2.260531944530364,-1.6876143016157843,-2.881156485795617,-2.5675387285678197,-1.6320024602566123,-3.827140982610102,-2.229357609005408,4.774022488102668,-1.497226364920256,-1.8289210704785415,0.09458907305514126,-8.746312608897178,0.4051253005702705,0.7395763929970322,1.0471016444270327,2.5192746903079364,0.08726525218388374,-1.7354127427881603,-12.084468838742046,0.5716359022801614,-1.0914028843814172,-0.9624101483456691,-3.118017247184594,26.774053599384416,1.2013602344660337,-0.28239569697557104,-0.3289211581730394,3.172933478914471,-2.6020106830601923,1.700872451355252,1.280443333462574,3.2222479714027332,-1.3420891953305645,-2.1840680962571217,0.8194403946639938,1.0838931275566157,-1.8989568955361131,-2.9681046138700036,3.684458844348927,-1.7169952286369912,-3.1021123220036806,-0.6624468409221735,2.417030578914077
37,-1.3131587194344083,4.090806283164886,2.019013376161415,1.4361119997474479,0.8391614073688402,0.2526629080992773,-9.904974077160372,-1.948918407301678,-1.5213913780790258,-2.9296446506883944,-2.459275167845037,-1.1044310809072544,-3.7620377684017985,-2.420574388365031,4.72950929860848,-1.3556770015778332,-1.937632083495644,-0.1418729459196605,-8.760079350579545,0.3346619368988681,0.8834042512627482,1.279179396791448,2.762609152984812,-0.19820882845703874,-1.6150125580706194,-12.570805721693427,0.1226478502446689,-1.291921801023552,-1.190261330006283,-3.313232661453947,27.39236147015596,1.0191722938956007,-0.30524663606164487,-0.3693452780281372,3.296002593409251,-2.3711510394028537,1.5132014866375578,1.3965401493377871,3.7529136982669966,-1.6384256570398719,-1.9112004591769192,1.210077409355398,0.35907261874671614,-2.369483184485132,-2.3327877499036194,3.564498537524601,-1.3999530078860931,-3.557850277186455,-1.0505387904868786,2.788903537685911
38,-1.29657261374046,3.975843552979245,2.792420067174147,1.5745680188991236,0.7133481214744442,0.4153036651163575,-10.13921631739187,-2.4289673652224995,-1.896474077379109,-2.7751504902197213,-2.7151316309256286,-1.2831783964923253,-4.07985215107321,-2.326590484332193,4.896238947898718,-1.5403253872435523,-2.0817583688350125,-0.2596489834403665,-8.832396104052373,0.34247711344756915,0.7140152813940307,1.1914845371050578,2.8907208618103932,-0.06423133013640746,-1.9508528938540315,-11.8501976184974,0.6869535059940113,-1.1495506699848779,-0.8992958364024172,-3.2891269612407923,26.832447144098,1.2047929904518182,-0.30188423768144673,-0.20432702860193927,3.4542403599270353,-2.7369817632875466,1.8443697534684633,1.1709312174783006,3.480612590300973,-1.673830642257474,-2.009163237479394,0.9431385669357699,0.5382054580327932,-2.3338491392820866,-2.8405685781660863,3.531883563814258,-1.7041328152798931,-3.3641101571617225,-0.641942108780123,3.1636377086478285
39,-0.8535076995693142,3.7028808182041875,2.2074730454677125,1.6172122990691162,0.7526262496648899,0.28382985472285366,-9.355349944221876,-2.0996171460160893,-1.5745893057111149,-2.4894891481443824,-2.4096375658007076,-1.2394360486786327,-3.918545820074554,-2.097432437179404,4.884343034227805,-1.3062248256017959,-1.851887818230808,-0.1925155176288139,-8.276994580443837,-0.06620801836802565,0.8504061765330511,1.2423611313450855,2.561556334320896,0.11527857925474574,-1.6831807799476275,-11.572877735658922,0.4706169292523429,-0.9004427545857807,-0.7959022843943679,-2.9591868144806086,26.270005605093093,0.8594133376783383,-0.5506015124776872,-0.20703641965814157,3.1727661501220745,-2.4624416538975713,1.6776742557438402,0.9920930560018273,3.4201460100772625,-1.3692323805364564,-1.8461739418123768,1.1889933592559045,0.31123757994846846,-2.2633817074778486,-2.42983181626191,3.334210387503453,-1.3811916987353547,-3.3956252182281124,-0.7223244801778874,2.70761327510903
40,-1.0270484443926124,3.330854989149667,1.8133816189553995,1.5533881253162678,0.4131849719415699,0.023732257006672537,-9.084352987272881,-1.6534196520096243,-1.6727581551402775,-2.570193369195037,-2.249103603435574,-1.0949323558346518,-3.433329170697765,-2.207616542553718,4.149247993732318,-1.3175494768384581,-1.621263160387982,0.02456277354953645,-7.721496255395641,0.2818945996772075,0.5399249859660938,1.0124386960327074,2.087659152539778,0.2440629017713332,-1.4609730962025749,-11.0003983985062,0.46639624469515906,-0.736562341406765,-0.7271298561831532,-3.1402436807630307,23.92559280220433,0.8670236027152902,-0.4009143238233215,-0.12584785618063743,2.9047547620465135,-2.2737952952644127,1.379489422879924,0.8864017937280031,2.7755590466741937,-1.2843260689776614,-1.6605547632428432,1.0922415507091656,0.33797027086954956,-2.396605706244354,-2.4551493097519055,3.1024773606307408,-1.546962048210621,-3.250679998904508,-0.7737728629671902,2.4782272247276027
41,-0.8268565122455738,3.8217495288471923,2.2330916175472164,1.8385558257192398,0.5788014726873021,0.20682523492983151,-9.492760013031258,-2.3633531568591963,-1.3679462482194764,-2.428452354340388,-2.0308872940992773,-1.1119155983684001,-3.828184975285442,-2.3691138284238424,5.077604869640199,-1.5264542989412515,-2.093420046134455,0.09815843536583425,-8.556311912327338,0.22378670030907105,1.0054686582874979,1.464334297072615,2.6094602399880364,0.01834776859432085,-1.6488204974563758,-11.72123024039583,0.18078580728373478,-1.5021795881972664,-0.9102404985527214,-2.9633896420538806,27.08301431825437,0.8911747109299939,-0.2840445984416885,-0.029268132248261632,3.204451336509072,-2.627632500846298,1.645554562017124,1.1608042686344417,3.4568412178995764,-1.3611638150699057,-1.9225048514546055,0.9693775875166505,1.1110449672244136,-2.35000130399508,-2.625327707882222,3.2472633200678644,-1.6671527512938271,-3.8864541410246534,-0.7039991127845022,2.8184510289316105
42,-1.2353869638509911,3.5467807322820124,1.55524653165534,1.4110804889456594,0.30284863448846233,0.12279884849342196,-8.55414857616316,-1.6994039616470342,-1.517440233319975,-2.6121114794623947,-1.961150108919239,-0.6318345084170357,-3.2051278268088628,-2.3043978399597496,3.874282343682012,-1.3174502661874903,-1.5013166990535742,-0.2137417136395373,-7.3707121228320265,0.5960147031421847,0.091623363324533,0.9892581971616378,2.24537129612134,0.016466232205086414,-1.371536641108638,-10.097033943928091,0.5047098653708378,-1.0866357928392423,-0.8704453110760526,-2.909158599641868,22.18096140557101,0.4969787962414996,-0.5090120700741432,-0.5355665556228828,2.739462659999228,-2.0612459460471158,1.4322137948122418,0.8660234204037671,3.1415113609552066,-1.1317040970069958,-1.386564351704621,1.0045568514893033,0.16278158641512927,-2.267445448188883,-2.2124552105194057,2.972653576128261,-1.100162605613218,-3.3102968409438445,-0.9285534020895437,2.759219391109385
43,-1.1210020866449733,3.576900253136474,2.6194621407633343,1.684368829229057,0.6862299908687975,0.30512418652904016,-9.19163518010115,-2.427458422348963,-1.4578726804020983,-2.3957303261828686,-2.448961884436388,-1.2140609974278336,-3.425647098150043,-2.1116474658921085,4.743272080249646,-1.5637564779594948,-2.157202716582775,-0.09981820399391662,-8.1178575254837,0.3602313304781417,0.6686860671135345,1.437720166550392,2.699557216008511,-0.2043333401145734,-1.2238175855563715,-11.209745269652162,0.4100280384303692,-1.403144634359953,-0.749051798598949,-3.1579291244243475,25.830543574509946,0.7103496961021911,-0.27832210385132616,-0.4982770412363141,2.9067779338445776,-2.2506006975153383,1.7610682989142061,0.8959926226892246,3.345266037664445,-1.3873235710085141,-1.972260109927924,1.0343748937189199,0.6345787835574664,-2.0523836518413097,-2.4769324041051717,3.2935721078276448,-1.3537282121285474,-3.5173251037513067,-0.8156154632458703,2.8674394761410595
44,-1.1906934602448642,3.8104002624697815,1.6865637183803275,1.309371799095622,0.7136925043344742,0.39661298489049357,-9.184482682025225,-1.6734177586189918,-1.6695387220676765,-3.017044880627154,-2.516582533615009,-0.7588454872810262,-3.5778736980535384,-2.3070793681960042,4.469540089909778,-1.117162782038054,-1.5017566936009155,-0.03869435779915654,-7.963418741984185,0.30876478188410195,0.8554471192150485,1.4884217761489622,2.348518995785941,0.22451647406285694,-1.147810240235105,-11.201019812646393,0.31694513646014355,-0.9976431445840717,-0.9921795806347713,-3.0350282003503275,24.1193114182966,0.5617457197431832,-0.45879197471104743,-0.5400564850648328,3.0762976281704577,-2.163355576408801,1.663980283450158,0.8825377828622187,3.1218237109436213,-1.5238478410982788,-1.7183879984399426,1.1820720123867343,0.11185410636050935,-2.3408982660738795,-2.4475843841985534,3.1216051672795357,-1.394340912790435,-3.858314220032312,-0.6964955584343442,2.6859031809570753
45,-0.8335485562859002,3.4150965203811983,2.207956208931227,1.540694249771997,0.4085713736867716,0.09434576805786148,-9.123255943828111,-2.152501576164608,-1.3804058149988703,-2.1110820730738764,-2.3258508898031565,-0.9479753957620507,-3.2416478859400155,-2.1143448767119097,4.515677202137418,-1.6551486858041715,-1.9627731181311774,-0.02565302682169528,-8.113725580603747,0.3671215372962843,0.44770870576107485,1.1251783599590706,2.5578364296415117,0.0001663621745874,-1.4077329311865108,-10.36908024486344,0.48933965772891375,-0.8908326291914129,-0.673114160548411,-3.4567699262568454,24.20701536544827,1.0000392041300645,-0.08079527405106973,-0.28578948394986187,2.781396034330385,-2.080333834263995,1.7352251023996137,0.7869303209007934,3.4098683808210386,-1.385216114136344,-1.6784343138810007,0.8768316694619703,0.3006484069158846,-1.7741914015821592,-2.68359767487007,3.1519247886380732,-1.125263247018569,-3.251249053274253,-0.7292679865968911,2.7131978051352483
46,-0.9246358910440342,3.6032955204473454,2.2757109104631152,1.5522836472395702,0.7183486041128451,0.1039897171024678,-9.005484441503754,-2.0066491946566587,-1.2491523847839512,-2.5364140932885424,-2.3086754935594547,-1.3850009653778985,-3.3010050627443026,-2.1139350385445868,4.472670586430891,-1.3766337973325546,-1.757850871520235,0.19005103100653473,-7.894300278715227,0.3533179509750639,0.6579539265205158,1.278706376349202,2.3794093548764406,0.055696181781266424,-1.386569893407395,-11.23892906822179,0.2895413004459832,-1.087759470591254,-0.7338301407872779,-3.2829423435762495,25.02923013685607,0.8620839592948505,-0.5082077333546202,-0.25685435635024007,3.192937347660025,-2.2071499865486808,1.646697982678382,0.9097890488805028,3.2787081188141793,-1.1380281012784716,-2.051111917871792,0.9774740878855573,0.6833088717840952,-2.15204940663101,-2.316573212530871,3.053470310146436,-1.307491536291918,-3.2178999229431064,-0.807637403931648,2.604672649307204
47,-1.3155831885359197,3.8369741196909826,2.5559305746096666,1.7885748228151295,0.6252585440676236,0.14182648088025473,-10.321810411852972,-2.3215548054414366,-1.6706550837583836,-3.2322526416992905,-2.7846291745079315,-1.5930987109791377,-3.8554909938201005,-2.6779625081908325,5.020009818325654,-1.7547202555343697,-2.027543738358609,-0.13882900602470039,-9.523354463966497,0.5016918888778144,0.7269916825462639,1.4539025476475556,2.9679015122953154,-0.07695406272889063,-1.6276174559981724,-12.772544405408263,0.9224597913826115,-1.4218789107460919,-1.2705151544611808,-3.540644148139157,28.854105441554825,0.9675714102636219,-0.38853435080091286,-0.45493814068036137,3.4882862281455806,-2.613086335859448,1.8855446723722273,1.0756720697508024,3.5714475876803355,-1.428698366189369,-2.239147425375435,1.3553146334223036,0.787849147808013,-2.576029428398105,-3.036868195023903,3.8360834129802597,-1.6270885999422733,-3.733609631542331,-0.9206011725598582,2.9884844857434403
48,-1.5009399659763443,3.5456676238254827,2.549388881281371,1.5303394841362703,0.5573863442843582,0.343451967230361,-9.718561921278784,-1.9018216646342545,-1.8973799766403179,-3.1797305667118962,-2.5656764598273143,-1.4908978271445537,-4.246753058506138,-2.4833698231011714,4.728361100159954,-1.4425263841574958,-1.8645346238449745,-0.0781706687102763,-8.887528788581958,0.04412591696620816,0.7834489410715423,1.054288784292433,2.2507380841711893,-0.030676487557741147,-1.6639539845737243,-11.633213791884081,0.7021696078167311,-1.267105606086877,-1.0148581515114712,-3.3231333736233397,25.89343586484802,1.0689236065923962,-0.30098283585174346,-0.20922840654852046,3.605054149077181,-2.493975489418679,1.9212222513789519,1.1386844024563723,3.4506227999699433,-1.3903187874585785,-2.0791943383063085,0.9691635419603968,0.5350661750335753,-2.341588084528529,-2.888397877455802,3.450328817814951,-1.2641781342929408,-3.322896280376041,-0.819553896959078,2.821077587024662
49,-1.0273448459958856,2.8757915459020555,1.4039520264514471,1.4200524222634499,0.5841020362685537,0.06288309028742595,-7.117919321403204,-1.4452400784125006,-0.9985040574225598,-2.1229561240809227,-1.9813918110984197,-1.0168629958722546,-2.5092008485345314,-1.6630190249430519,3.556763484130723,-0.9865011183481325,-1.348935761942558,-0.36011643766419527,-6.29519986491723,0.2193259705580979,0.5632703309699233,0.8048031905524242,2.230344961909607,-0.1368239340389501,-1.1108737728015101,-8.954953880754932,0.5769255960637598,-0.7457721796137089,-0.7361987088095535,-2.361528383713109,20.033610088954177,0.8003823276978056,-0.40773321423624304,-0.12417831989875326,2.2793422987208656,-1.8653121948938787,1.1574798060874028,1.0930625794635358,2.516409331239581,-1.0996941217306009,-1.4890715498749756,0.8515661028887328,0.3205583469487905,-1.6188789750197339,-1.8064758380652979,2.8121347585066094,-1.1684395682086168,-2.482669012270237,-0.5866386450688026,1.9797462359865825
50,-1.531981748103122,4.151404342369739,2.6084187454749945,1.6586935557441802,0.7281392181841808,0.35207468015729015,-10.124355086272377,-2.1622374846676875,-1.7083571011709286,-3.233639289383389,-2.9996716718527523,-1.170699740841165,-3.9464842247992236,-2.3929978994990386,4.935338163290399,-1.4764089041426547,-1.9100101213581089,0.05289290539450559,-8.826978733194814,0.020210916727051047,0.6026388313570825,1.2939678231969856,2.7680464219438727,-0.12988841997340558,-1.4824648736935122,-12.171425265295557,0.43449233303331075,-1.2307584625894974,-0.7392344496930429,-3.4315696142007988,26.85224706602191,1.0174013671077426,-0.426913893727422,-0.2792847592903716,3.5657202137844113,-2.44080805459249,1.8796594172177459,1.2348706228778064,3.39939127156032,-1.5404752793763146,-2.2395014813620735,1.1783280476608102,0.3550825254828121,-2.240304831281678,-2.645935461333991,3.677934156571932,-1.5716889881929246,-4.027981229705515,-1.1430967889128445,3.2182005533723874
51,-0.7810020453964022,3.608443361003595,2.22136978134895,1.408106430733753,0.648098944729461,0.38951043862031864,-9.082566269873194,-1.9344772136082216,-1.5600669135820533,-2.6439821505804617,-2.3435266296430703,-1.2225971196867322,-3.6062995643463847,-1.9978741841218672,4.731345052185166,-1.5690483415826002,-1.8219173742421548,-0.0177197429690141,-8.025710052709252,-0.05220900354267484,0.7859374293636818,1.398037676776796,2.6256682732625314,0.08140453684908129,-1.3697442953002612,-10.799952140548191,0.5991530523056487,-1.1093466808450259,-0.909491195304769,-2.745918186082889,24.953536917622326,1.0626825198245167,-0.2172340841901406,-0.1778693937025973,2.962585632367845,-2.352851741428579,1.4428916953086446,1.3744813663479138,3.40461493973665,-1.4303565608255704,-1.8511431520627528,1.0023300120714662,0.737274788083366,-2.015252369799394,-2.514456425190969,2.979822456547451,-1.344825710268525,-3.4760424427291547,-0.665453953727832,2.786346978856084
52,-0.6827719918947909,3.613384408847493,2.186572108517517,1.3740427730077613,0.7135202551065807,0.2817871966585852,-9.021918483671616,-2.3091562124498415,-1.4547546247517114,-2.713068384007479,-2.404979339504801,-1.3542594612630154,-3.370614283017965,-2.2110284901152157,4.689221817294169,-0.935914250529294,-1.7364322697146308,-0.06682115168923483,-7.8894674719749425,0.11648196907212398,1.2049984149220951,1.462130912941529,2.330224632174004,0.1878570143041685,-1.2801137305024668,-11.496616958643862,0.2571062880582884,-0.9600484101169299,-1.0585196292738095,-3.2027972154682574,25.84583133302776,0.9396162764163469,-0.25393280506289867,-0.27250581686427716,3.001499803273867,-2.2296663324244195,1.318860173261001,1.0045154527350284,3.1117108006553527,-1.5968253130326218,-1.8219625348048276,1.159326344845386,0.9450996062341485,-2.1889750747176926,-2.3850118686371675,3.0370719936182344,-1.0965026542024097,-3.633088782056303,-0.7466063342855306,2.2298632061976407
53,-0.6176347056954319,3.741020594335696,1.8502052841204175,1.1350297600055044,0.5317340475541983,0.33908811740772987,-8.632702157609703,-2.2694760965838654,-1.4591265966390605,-2.506032182404273,-2.1162994687631684,-1.167388505814096,-3.256923162239577,-2.1847087048611815,4.766846840957884,-1.0776303897704618,-1.5151724783965443,0.16015767618934748,-7.549091281935073,0.24659313809473823,1.0859399590639112,1.1516764315766068,2.1994943291459124,0.14363837032529111,-1.1736232848534776,-10.855042274584186,0.27239300088464036,-1.0214471788857415,-1.2192633645549393,-2.6878486822083336,24.556376036787306,0.7593935509999307,-0.39311777055382785,-0.0983745421803591,2.688167343605072,-2.1703249636072766,1.5897825236776888,1.2402443663180107,2.902567637391209,-1.4938688477517532,-1.7152834310359828,0.8944426964626909,0.8234466350384975,-2.4169569904988113,-2.1130992459114135,2.9925101147071045,-1.4250995383621035,-3.734055843831909,-0.6838245045965735,2.1928710093346813
54,-1.0319983885669628,3.2737666515595705,2.4250076111780405,1.262347651378572,0.6064911240195544,0.4661554327199097,-8.7490289676793,-2.2715787177108133,-1.504402480219299,-2.462144136170389,-2.2440443425174728,-1.128320504177114,-3.724426629173054,-2.5077167509434775,4.720087626484277,-1.4545568911591382,-2.0454181090689154,0.03468263752505989,-7.99076271549624,0.0057773000074321425,0.8781407076226173,1.08422677736601,2.691736376088043,-0.016133966595041644,-1.7174537523357611,-10.657549172229091,0.3053565915616901,-1.2650628727507118,-0.9136897867345501,-2.6749013829287582,24.599000753469298,0.8672094263225388,-0.46290098909976396,-0.18504315848433436,3.3004810757964647,-2.4025294876222016,1.7473935854126943,0.990289478040495,3.3016398613343183,-1.6926305474222898,-1.7995394643582834,0.7844801602223168,0.49387373911289023,-2.1974310032819795,-2.83802204461694,3.1308703486013156,-1.301813389370958,-3.5667570087600278,-0.48512158623426666,2.739754271880926
55,-1.1518279468554555,3.314378419108607,1.9943506683257077,1.3333093457085659,0.5391639793327001,0.23406803177868446,-8.336206475176684,-2.0725472907975195,-1.603557509014572,-2.207305733474099,-2.0532741265557037,-1.1060620250823725,-3.2787364365079994,-2.1327893909810167,4.108524213895802,-1.4578225776002398,-1.5995790044890286,0.4098522226213986,-7.846371863707141,0.28800515038282015,0.5378254871886552,0.9903847433284046,2.4589173508027256,-0.06057073695114278,-1.4538876781577483,-10.654394125308862,0.10955648179601925,-1.17537231562682,-0.9891495347781192,-2.865667991652905,24.071609251762602,0.7487624622530922,-0.33258706802656873,-0.10875826810751126,2.9595361824449435,-2.1521794279315385,1.4082980129090925,0.9796393436233508,2.9518343200974066,-1.4367902649830722,-1.799971894194163,0.800578332862356,0.49739373223384653,-2.1553912770228103,-2.278681048941651,3.267684267113716,-1.2333714779426619,-3.2118639139216993,-1.0060028309811473,2.4050730256482984
56,-1.1255348820482411,3.734067335854334,2.3089919191645167,1.4026397005520952,0.5600145207579456,0.2397115135617417,-9.342621258337822,-2.1751967262625063,-1.5150233721842872,-2.7939718604582904,-2.133185040876309,-1.2587136879073682,-3.9803817424461054,-2.374468661094277,4.839507461689224,-1.5023110255136274,-2.065092452546278,0.026689699794868176,-8.392495220150556,-0.13379997061252202,0.9443590938624686,1.3055211940887497,2.370966161600328,0.24799645466205328,-1.4777607316536292,-11.293919810066445,0.1286126755910406,-1.3129733367842087,-1.1995712988799814,-2.999838967333058,25.629431605462646,1.0157467397059112,-0.2621460994620482,-0.1544911256695169,3.301371562476043,-2.4892695041579187,1.8326860835867296,1.2695137454449366,3.0977736204940833,-1.523042524434268,-1.6661996326033741,0.9303250541689452,0.7527419609113052,-2.471784028634123,-2.4746426083507043,3.2227009783982137,-1.2984520503066506,-3.796359992536663,-0.6903062351745689,2.698837627054621
57,-1.2458374065163658,3.7974852397689123,2.1064100046630987,1.463796056951069,0.8915965627313505,0.2659880047293,-9.447353263737876,-2.0358510604716744,-1.8019084347470606,-2.3871725768786165,-2.177493805943438,-1.231582553846648,-3.76543893300962,-2.1008060704809384,5.010779209628095,-1.680581264490163,-1.335313452452179,-0.4225762421251515,-8.610299865401121,0.40892794604957805,0.3162940654740867,1.0260935046869943,2.799658559665541,-0.13452482320526818,-1.487189977896439,-11.373837422191002,0.794668836198984,-1.2831700295068351,-0.8794370029412762,-3.0165536916911453,26.534052317460336,1.1137226617481666,-0.3281137215897994,-0.1655873296982892,2.9884298792139687,-2.312066228092835,1.69599010402863,1.3907056046146704,3.4181770688017865,-1.4866592130315939,-2.156756332934856,0.9477703232047253,0.6783272280188093,-2.3403800436667326,-2.376935164263811,3.376711502523834,-1.5271378136216596,-3.338347040222823,-0.6492230455224418,2.580523186502203
58,-0.9128057360793338,3.788538465715105,2.7028981691686904,1.4861370373192315,0.8968252641341579,0.45687763196504233,-9.41710298683159,-2.5165711114725586,-1.4348307547673143,-2.7163800636192037,-2.797751574550024,-1.1692076054832983,-3.796123194066473,-2.186132479785581,5.080818785497667,-1.519293519164553,-2.064765468971595,0.000885529429593418,-8.749963147756914,0.05140599106584511,0.88717367411581,1.3573834919512315,3.043693541313075,-0.198555118223362,-1.418749493062183,-11.745714346714248,0.3526607495977967,-1.1009139188479933,-0.8574218424818892,-3.3076694900006878,26.96962474562419,1.0608055637630136,-0.2354693490123728,-0.12557203808297968,3.2484379255907294,-2.2554600362100747,1.8887492474676761,1.0319572164341306,3.2634679889618172,-1.805325607120351,-1.990939132244777,1.0485104847463713,0.5699501203908642,-2.0935427614260766,-2.738312035555621,3.470034318948021,-1.3024614251327091,-3.70826438114317,-0.8479632036497169,2.719925232338917
59,-1.1971831117938692,4.037779414999862,2.5030646631062625,1.8763321112782476,0.5154782838105041,0.11834890409096832,-10.33990776532607,-2.3947511120859413,-1.6022114597317547,-3.3148383451821974,-2.675513845249853,-1.3747546893262075,-4.069738019126474,-2.504767223583987,4.960147469122278,-1.3128667717104268,-2.072280276037856,0.05000404813658086,-9.484980958465023,0.40514738460996536,0.9398993039869785,1.293189069596898,2.7232162806747464,0.36110409330792864,-1.6254184092521446,-12.889466321115851,0.47078767961987533,-1.3356918213560618,-0.9430081360139115,-3.4102725993682497,29.05461989137448,0.8501533690509543,-0.24124115132368462,-0.2621065947079335,3.5761332776690513,-2.5517172672876867,1.994794722960626,1.1074366506777822,3.5201744043875256,-1.4118062200772266,-1.9504321855027351,1.1842792497838928,0.7888763543575286,-2.36276232309134,-2.863217671400865,4.163298178247906,-1.5124040940510568,-3.9852714356191705,-0.8553401251267833,2.9227605098021923
60,-1.0393140185854717,3.0086735312834922,2.251202303804042,1.4107558849796684,0.5977412845750882,0.2856044501530302,-8.084432742788719,-2.0823729822103925,-1.6774666811445815,-2.225408011160694,-2.175857351776977,-1.4750765915184223,-3.3422196426068114,-2.1091914485495793,4.42711099170004,-1.4411705154495837,-1.5169450550676904,-0.13379767872040518,-7.593768874030058,0.20152316451818936,0.5101269514272793,0.9414458498528194,2.4629514451567203,0.11633367907593829,-1.2021744506379697,-9.91596664324662,0.44760558822256724,-1.2314761950511839,-1.0649345949952684,-2.62031410545293,23.314113118221165,0.8547088413916866,-0.2567907496373142,0.3307498818796695,2.944325767463691,-2.341188487208334,1.5514259414802365,1.2696676474433881,2.8301882048223,-1.3491746165198695,-1.7060497643214496,0.9041432888720928,0.811393465888521,-2.1360946995884555,-2.4019971963690914,3.2350985227600404,-1.194071643236146,-3.2026856529792735,-0.5281062763268713,2.2165379347500234
61,-1.3892117344165609,3.549719907654936,2.3154485588800466,1.4979259210103815,0.7446398906201337,0.3135960877761797,-8.757425173328574,-2.1259809151163616,-1.6096337463674721,-2.496849850653986,-2.101294640201638,-0.8765423629117309,-3.8415881116129986,-2.132790137458371,4.71568784851797,-1.5245647443146157,-1.797288786499892,-0.36508756229081724,-7.9717701938492125,0.43767699151009865,0.4669806264593446,1.2920773378794277,2.6350430995977927,-0.093100128136472,-1.2595203911314194,-10.507979792706909,0.7353881986857711,-1.2487589937700312,-0.8831401734203055,-3.08442746275805,24.252736428453776,0.8549243380280616,-0.3143041706945332,-0.18695529070297592,2.980589989863938,-2.1300617572913394,1.9844209289028516,0.9867012017889736,3.2248888950422856,-1.2020444831595072,-1.6330667550116988,1.073775330335444,0.5110412043558104,-2.353022530486414,-2.6399766383716745,3.0542470104156245,-1.173853743583963,-3.41046626844888,-0.5914619827396322,2.712216693752771
62,-0.9293036904543294,3.4824735449914197,2.159370781239729,1.6159218924157905,0.5839333967613409,0.35727456503353955,-8.32693177197774,-2.260832800017697,-1.4481911421441718,-2.168698723538111,-2.331540976390155,-1.364594081629912,-3.171459121859142,-1.8884244829580006,4.569794124505162,-1.32863797055295,-2.0491922759196224,0.12334103020841657,-7.526611332560025,-0.20437504235542892,0.8028899397829609,1.307359824209233,2.8300058288778462,0.1676063248364446,-1.570222616441602,-10.5352286635625,0.0008882254940890366,-0.7680673662482655,-0.6552598488538562,-3.085357916674127,24.96090874106663,1.0401533503938116,-0.4240432094253654,0.2567135174609437,3.2137940699988765,-1.919803160023962,1.7499306933166294,1.1468131729841446,3.258352947464845,-1.5502467447170083,-1.625182932888725,1.0928110550148709,0.7866239315315484,-2.299869323358863,-2.104791047004272,3.3144083626446945,-1.2406669992560457,-3.4417651366021267,-0.37544189554218355,2.482010019184716
63,-0.821445100722566,3.5586433465877043,2.6865488109660003,1.3484918004174904,0.5649615170217295,0.5927145144591132,-9.925228361574376,-2.4723389744134483,-1.597992104845673,-3.0354863654012707,-2.6017168026855506,-1.8555175390948448,-3.5855291940508263,-2.74223143501273,4.840412740800916,-1.539313383249516,-2.503822071849305,0.010487180005021295,-8.957590570402509,0.0026560830288291414,1.0775859348889858,1.5321120881063064,2.778064298204715,0.09190757127821068,-1.6016743624064036,-12.330712378904943,0.5536843312536532,-1.3875660784964454,-1.0565331535607116,-3.1044490929580615,28.419681302184628,1.0266310069751698,-0.2166943476540328,-0.02890329923655395,3.846564981320233,-2.9097771399952506,1.9189195377169002,1.3867790045083412,3.875947533728924,-1.1254594428907805,-2.1249832701158358,1.2150469600440303,1.2240256549084465,-2.13652157775141,-2.9541327075921826,3.7653121494865354,-1.6213543119952913,-3.7512387977568125,-0.6257839931088949,2.9224377006162765
64,-1.4054084540666463,3.808850406151613,2.6492284726887276,1.7059287115830424,0.6074777128365488,0.1706723027103088,-9.590883063049828,-2.1251841026904383,-1.7689827441789303,-2.6651570729976215,-2.7658002226583864,-1.5819200435133027,-4.13826208016883,-2.6869605911009584,4.678621305887295,-1.622853253459102,-1.6451472304041954,0.14023850109863958,-8.845861943628568,0.17673152463897018,0.6095904577583448,1.4309940792510463,2.6051304028471094,-0.1109330848185275,-1.8089534274273464,-11.75114658117762,0.6143596083061298,-1.28561007519339,-1.1888133446317988,-3.3592266095709538,26.433520179845832,0.7575815431069509,-0.3564509412054868,-0.19342082493440896,3.8304943339838697,-2.893940292435133,1.960135416596183,1.1277683139232388,3.5313267618099555,-1.4926100002950216,-2.2839799466198163,0.9111657760798263,0.7605368818547099,-2.330468556195587,-2.9906194671527864,3.483801098797703,-1.7067476636373364,-3.7591098324265606,-0.7313219056407959,3.0097644370113796
65,-0.7698233266717175,3.552019267437984,2.3266970945057897,1.6036985228914762,0.47030792880114375,0.1262104521573424,-9.00548349430147,-2.2566443071063462,-1.215020825253732,-2.35749290902916,-2.328069380538276,-1.6011366141229053,-3.12166341421086,-2.347507049463889,4.387320197365984,-1.3415837492835778,-1.9178711596179994,0.4124413782168766,-8.19450463475873,-0.09654592547906077,0.6129599221244172,1.0473689863673847,2.3165426196320844,0.14872233425738465,-1.682210112636145,-10.909093267278465,0.24990024407943673,-0.7708581884780561,-0.6823716288181911,-3.070140374785117,25.459843104746632,0.9692615664030086,-0.17753302378571256,-0.33676874028183895,3.2277474050604815,-2.3717781749328943,1.5408080742109498,0.6731942579010645,3.421594802011585,-1.4069966017345072,-2.1139647804456225,0.8015893224742818,0.6689216595430729,-1.9014045966361937,-2.691725716923776,3.252105823482836,-1.281334884832182,-3.4652879272199613,-0.614285809145563,2.5212205286689597
66,-1.2653549666492314,3.8161991786849074,2.2700283229774936,1.4949866740518778,0.8010907979478857,0.45486081436808384,-9.427845586472708,-2.28978754361456,-1.5257803114769735,-2.8628257086133493,-2.3918236442342877,-1.6336967151296335,-3.629395399959699,-2.8131529873708088,4.949202076570094,-1.6457363069128963,-2.1752864803495204,0.04060411255342165,-8.447129573701073,0.1928422021739687,1.3410421657381613,0.9794525237695895,2.6320782285178925,0.051262351143548344,-1.8259879740457416,-11.933470615920182,0.4916385669198577,-1.548527817959473,-1.231433789517937,-2.964859412812068,27.121809246919746,0.8918269505114054,-0.3686764946100494,-0.32293719659935294,3.3171477137957712,-2.6519999393711458,1.7443637013167705,1.294297022797576,3.4467150233220547,-1.3605543223310992,-1.9976779675590952,0.8540397369541458,0.7503903197927864,-2.4210351834939083,-2.7469311189652945,3.4668474289205524,-1.6312960363855193,-3.5983603331486878,-0.7683899579777035,2.6118640372094313
67,-0.9090176950003683,3.1430935051523385,2.187513522285146,1.6779904070732052,0.375061366158358,-0.23175946931684102,-8.674958052287197,-2.124267665675828,-1.4842526262211293,-2.3002288712420866,-2.1674730751388807,-1.9218623316296382,-3.048094498955984,-2.269906729564538,4.330735885426044,-1.6454843057983846,-2.0130118190148227,0.3664143667717735,-7.961809493937357,0.39485255551843257,0.591557007576857,0.888271019412516,2.3399594751609185,0.192510257742974,-1.596319177391145,-10.44263755969339,0.4557098732476584,-1.1804995714558801,-0.7970378750697575,-2.826501015087483,24.727799150834215,0.9629966451816945,-0.4624833107777696,-0.04087466561316076,3.278880922906233,-2.3945745590645338,1.6042175606233948,1.0291374629573153,2.7625258529262813,-1.13077925434497,-2.3159468243557826,0.5243868998889623,1.0040884963689427,-2.0646448561818964,-2.7677451902902557,3.3477327108705346,-1.4473245334546687,-3.104905311413242,-0.5285995363854813,2.2596577508733624
68,-1.1603790237683143,3.6727886668282617,2.380424543439605,1.4345773383553486,0.4507714180055544,0.5203648547985901,-9.103423657546706,-2.2387214000030626,-1.6663195194717912,-2.6405957434586638,-2.3528546040640848,-1.1121928432341843,-3.7264887756593215,-2.3469219444396887,4.895975512018669,-1.5676223903101663,-1.91755542378763,0.03112900698619785,-8.317556571927804,0.2188554931717251,0.6784187890115915,1.231944602695502,2.397280969625502,-0.02025436150715149,-1.3507392529986568,-11.298782382838638,0.32035040879100374,-1.3021403012315245,-1.0226342213174069,-3.0447489175050753,25.249187390458804,0.9320716201999165,-0.29176707893152115,-0.5147138320610035,3.293207693361239,-2.2463642218321582,1.9939713376231962,1.0533748391753757,3.0513282399178134,-1.4970230863360312,-1.90955118685316,1.2467537989258963,0.6749402764683845,-2.412305091299995,-2.8845263684822755,3.268351147738624,-1.3555705841791825,-3.615599938334398,-0.7303864547349616,2.8842714681678556
69,-1.334800218385367,3.8346667494873246,2.9563005109141027,1.3126141197140788,0.4555200785605762,0.3022330922741965,-9.985868997769032,-2.363367202389199,-1.7178241436604216,-2.660673894342868,-2.513564180865533,-1.6748682982003342,-4.23291500454761,-2.606544909664892,4.955572701629709,-1.5977484771631865,-2.0515257309954653,-0.016458688959009104,-8.970391429045051,0.2553713505439463,0.8553917927599862,1.1951598211599752,2.538258815561317,0.14861604742849027,-1.8267808337881015,-11.874069149451714,0.4778693902794724,-1.2832967650923317,-1.0184559471366235,-3.0948370011859323,27.09302687977859,1.1131545797243514,-0.1374950704088455,-0.22363131047510007,3.619230025286043,-2.629002511651543,2.0164986895732793,1.0739578621908574,3.637335657651987,-1.403586776602144,-1.976514213755865,0.9383849842990629,0.6571046660333704,-2.325696635197248,-3.0873023178805266,3.715798738086882,-1.4862189756464987,-3.290333061492796,-0.782777318245873,2.7643390354001487
70,-1.189801278080442,3.85957812404763,2.4261441633702,1.6848167650938004,0.737066955462333,0.1223048452003958,-10.362158171322232,-2.363833458640399,-1.9014408110149983,-2.8427055686857363,-2.9537865716326297,-1.2779609769944176,-4.052415109777828,-2.6080475404937635,5.241405355647576,-1.8846629923004647,-1.835356216618883,0.025578130928181377,-9.399359898214232,0.12629314251524915,0.7569465180066153,1.1809431045997898,2.7504271345702493,0.12932027613931518,-1.78720497679194,-12.495180327319058,0.7064812556691007,-1.2012014273140919,-0.6082106986128296,-3.726170231350927,28.4596728796834,0.7825296122568912,-0.4373447245855999,-0.06025735827465643,3.6337424103565383,-2.3940394448039415,1.9191785123955287,1.1340681040043878,3.728211610612233,-1.3572149145931847,-2.0341783848012347,1.2828805341663423,0.7639775807766048,-2.5228052852638925,-2.696543879307084,4.026381843157876,-1.5894930941914935,-3.9370970800793215,-0.8169351821316666,2.960105042431367
71,-0.4832544756617574,3.67880299893445,1.9625216737863915,1.3207844645493407,0.4900162709546787,0.15571933711514827,-8.847663327508535,-2.0787267191106484,-1.4220449561014397,-2.6402250250128634,-2.311895698544227,-1.0224949299724846,-3.4524345402643144,-2.2402400863874634,4.331668391324355,-1.2522356711803544,-1.7503766848766953,0.14079122232282554,-7.837923369579736,0.04077299673706089,0.849587866794323,1.0676465384554876,2.1177015264852312,0.06922691982090906,-1.161423762313605,-10.733437419134908,0.20718993188454637,-0.9414942947712092,-0.9440800905477903,-2.8095744424412628,24.42056656054086,0.43621446088069243,-0.4083843420266614,-0.29089469359154885,3.034067879036394,-2.3190327498261776,1.4923018693827985,0.9858993648493264,3.0625682961686165,-1.340162011251472,-1.862649261278174,0.8742772735523239,0.553368368387548,-2.343189956731944,-2.510866456280846,3.2363586283647474,-1.107882782194672,-3.745634435525291,-0.7149843153758941,2.284513928269202
72,-1.2795436596044345,3.962400117495103,2.3763812509065496,1.2663237183864302,0.839361670804883,0.728094528742454,-9.701957771480817,-2.5471864362138446,-1.5786735140511872,-2.7541093220411472,-2.5635898463866074,-1.297857935824031,-3.70858459781452,-2.405008256322079,5.104254228808069,-1.4611920410174306,-1.8821296250076167,0.03209176799912727,-8.836338479785347,0.09903637790468978,1.27775589713801,1.3079733826075952,3.0157602442481277,0.13436978578183728,-1.426756494768689,-11.83099608560016,0.029678990827266046,-1.2696230383163487,-0.8386043686177311,-3.334323207272423,27.296909078520002,0.9053697148679954,-0.14021194794240402,-0.06202808824492852,3.3617846546442376,-2.3914862294186854,1.8377821557535272,1.4187359154896566,3.7472586419333647,-1.4809689811821998,-1.8652450039101536,1.0623048288694965,0.7635295477629441,-2.428773237064026,-2.4762392456139306,3.6051924221277534,-1.3579092209899903,-3.989852097017145,-0.6845232039366482,2.8394828949232824
73,-1.0208153106000473,4.156526923826984,2.671821098044849,1.7215276493532092,0.8217479273839952,0.07880198275722589,-10.306288091953192,-2.3504621993190886,-1.7508970151658343,-2.8558493908699956,-2.7681615582769634,-1.4868910003532554,-3.7722515880580074,-2.6596948747891065,5.310887774425703,-1.4210612198145216,-2.129255286299146,-0.27502319212096193,-9.52131247697105,0.625958552979619,0.8643689915603663,1.3871665180471744,2.970699303180339,0.07260437217285476,-1.7219384144878318,-12.539060049585068,0.4506412727667465,-1.4573564352954527,-0.8645263792580451,-3.548549672784378,28.42327398452742,0.9062079134764167,-0.15891112931309004,-0.18973971647832205,3.4721868399997367,-2.528538878940215,1.8408507731118715,1.0746492135285133,3.543769754745714,-1.5548107062309198,-2.0003393005225756,1.1510349097495916,0.8715688927929031,-2.1655307626006204,-2.5508501611551946,3.696548799626774,-1.5562064308736796,-4.214065257767191,-0.9662063695814292,2.72549148469195
74,-1.2508868939814684,3.575800896905311,2.9348348059210223,1.8640903246687708,0.6884070427665664,0.27975212201768596,-9.449674848542557,-2.6023235339970165,-1.3605553926044218,-2.7165254257777978,-2.413096943432878,-1.1862355580398454,-3.9766247429384665,-2.329469664185053,4.961009970398626,-1.3035134831701682,-2.1608518835412096,0.11848834281264922,-8.437177290117308,-0.13308670781181664,1.0892506014355368,1.1971530608106595,2.600813807949992,-0.15179723225186945,-1.5332541180482238,-11.756637738539547,0.5495262101606526,-1.350207355384259,-0.9249372628729629,-3.1372669060993053,26.89201512256423,1.0131871921717233,-0.37422954756484694,0.0007429874849279461,3.250296093408623,-2.3928767999918854,1.7841378080937145,1.027047707702224,3.4065240703858852,-1.5105401046894895,-1.835615503888978,1.0473226759733276,0.5849936831006922,-2.099068650933168,-2.6730918563613475,3.3355455317894975,-1.313721199227202,-3.4167232923099053,-0.660697754589278,2.6962903722497966
75,-1.002820789750321,4.043730510941862,2.167135805015451,1.5592113397187646,0.47627484177898904,0.4678170746902016,-10.091888775727575,-2.433274697862472,-1.5949606357376394,-2.9719976718609904,-2.80902716659585,-1.5702840536180382,-3.8051903689712354,-2.479658119292522,5.184536369335616,-1.5449906117530257,-2.2580987393542236,-0.019097449699685198,-8.634607419254067,0.16757414443987076,1.0265870823148642,1.8152425069190685,2.7766804206205755,0.5849112340339465,-1.5708278630753776,-12.149981489091262,0.30836633659489343,-1.0423385229733106,-1.2416786990957491,-3.5274995223085837,27.861801136742326,0.7333255666266666,-0.4189093828263764,-0.05658133417851698,3.465828730086223,-2.638810229358739,1.8725609901615854,1.0877602449646642,3.886852837003478,-1.6341458260436883,-1.9056971180782545,1.3390406441009595,0.7241081184649998,-2.636627577984592,-2.7318522548364075,3.443392079598733,-1.2594023394065212,-4.528604649587167,-0.6290268917159343,3.05348878763126
76,-1.044182737495742,3.5885147786312404,2.284588935526665,1.4446518095482446,0.6499114880460168,0.1617588485820075,-9.261173111500204,-2.249602541907547,-1.5484710999597693,-2.438772909730132,-2.413792534140853,-1.3937412573288452,-3.478799490792704,-2.2265942825978358,4.865129441479621,-1.3372358759726097,-1.811715349361819,0.013258466170340617,-8.47075882271344,0.3572190428461969,0.7810190456609863,1.304440195799719,2.7555114620732954,0.13078815319794362,-1.3212960645464977,-11.494196517975451,0.10150202849230974,-1.232884021976837,-0.7370046734874627,-3.157027853454529,26.356225515478823,0.9699303098713952,-0.4454221057949421,-0.274523998233826,2.960657892765137,-2.217368147898927,1.6474650801388722,1.088030022595297,3.1378338289814964,-1.6112084870875236,-1.8837584127270242,0.9855832873873415,0.5402450310544525,-2.060389870408038,-2.633962855572138,3.4941158095990086,-1.2474744547305754,-3.5979449979505835,-0.939548336069857,2.5239989869854735
77,-1.0772870791151357,3.8585965907136797,1.166381996158149,1.3411477306891644,0.748687333873658,0.3579869444366488,-8.681276199582221,-1.6358972332237487,-1.5902918431385045,-2.3385083994968894,-2.3428143332265394,-0.8596897552447484,-3.0846914392278233,-2.0235003201538233,4.246998293199755,-1.2141754866199495,-1.456398775042672,-0.3785658052281151,-7.769602229556029,0.33460423338444834,0.6767330194653621,1.3594522605588013,2.4284126790515974,-0.04357162536432651,-1.393509147031223,-10.468207140591469,0.06660499564374024,-0.9238076052206228,-0.7683938519815554,-3.354304955701454,23.641957059298758,0.644121640663687,-0.29389435738281977,-0.30058915728221786,2.9719105237860157,-1.9019053954181342,1.5328699754571067,1.3341731502672303,3.4461522552518873,-1.315427591215528,-1.6757250291689432,1.1656508864265784,0.4302447788920818,-2.2279824684326095,-2.068367239433542,3.369285812252894,-1.2430490294592291,-3.996863477678659,-0.8982534355635475,2.506253859752289
78,-1.197661732034411,4.044365402770903,2.8113434602577643,1.8437894897615283,0.6209694566700132,0.2762974511332034,-10.237685573227372,-2.1996090539715727,-1.791681350116876,-2.8545344138838478,-2.8301889761231553,-1.685386721883127,-3.9430966140409516,-2.579964833645499,5.109981061441656,-1.6012324652818,-1.8116499353462572,0.09011396632019718,-9.282475240539398,0.2985470142746904,0.5893571874690654,1.1571894526447668,2.7011828770355266,0.18999016122599374,-1.7770307940620083,-12.722068170260618,0.43450372029418544,-1.3422857449710943,-0.8310068127541642,-3.6637556709996413,28.70282740344039,1.1247130805030212,-0.42172505987090636,-0.3014887550412341,3.5712054109998514,-2.310318527355746,1.9078944193043994,1.2208359972960559,3.265885287822406,-1.7988291474779947,-1.973454051171766,1.0741404431919204,0.7180632326630824,-2.3468508831620674,-3.075417289497971,3.9332551823925734,-1.66872728926522,-3.7840773652101545,-1.0256470918820384,2.7420215532552668
79,-1.0061802041513266,4.071817995087785,2.5341907196264017,1.8325583646540027,0.6216855147884934,0.24674217151120983,-10.653964759926453,-2.2650418739455054,-2.1145065967686243,-2.9857136236953665,-2.70955555312165,-1.130739337073946,-4.629912174358734,-2.671882573319883,5.237848085193523,-1.4939488423087612,-1.8343263091056858,-0.0010265920615060036,-9.666807998619982,0.24660017522657,0.7279418129299691,1.5636331591511448,2.4929849212853026,-0.05309195875638818,-1.4675497311245989,-12.864925869979043,0.4857901308446456,-1.2867213928954049,-1.071116877542289,-3.581880201548236,29.155756654942547,0.9845864861675527,-0.11664171159985975,-0.313666337584634,3.5548910355085757,-2.4505753348933252,1.9739399688676995,1.0101800730956498,3.6624288215857472,-1.5857939895450341,-1.9834286092683662,1.188683436512313,0.4214671547674159,-2.457161413088034,-2.8393170651594475,3.904130170310367,-1.5341121889679008,-3.7824539636757697,-1.0302169113164161,2.831728323564911
80,-0.9835606145145007,3.5564950902405412,2.2951795409280282,1.160310703435321,0.3623086824301811,0.4863901301070194,-9.085757932916687,-2.5735793771698656,-1.5268613166672729,-2.5855662504603227,-2.1558774691949605,-1.3075937374710787,-3.410134105305295,-2.514829137152116,4.494430323256281,-1.4286951252828561,-1.9792995246601068,0.3945267061949238,-8.041475810626588,0.7746319390392127,0.821118392112936,1.130561029168523,2.467794885490328,0.2339888551274309,-1.269727682613577,-11.533671921770827,0.3238807344915378,-1.5331045829625471,-1.3683541523774048,-3.03550430439463,25.604592837491953,0.9511898463023598,-0.2824206511297934,-0.3909163908386731,3.1584335281567757,-2.5518849169442928,1.6251310073527403,1.1419946780011885,3.03588388513713,-1.1955492092052449,-2.1152615437592015,0.7674243275900987,0.8274028226899008,-2.098866001709688,-2.812086981361607,3.221639962857057,-1.4588668177800241,-3.5333700280201983,-0.6866926774861123,2.5985856873372355
81,-1.280833157958199,3.7652526055151463,2.2632056557423534,1.3524360487618896,0.7597865616162397,0.14876383004394336,-9.29137475807388,-1.965611689854101,-1.662529812511866,-2.5483950291187534,-2.6797493835267665,-1.276090763563561,-3.509871016615634,-2.3386754211586536,4.503260642301239,-1.5730965374254335,-1.8718270480595656,-0.2016853704512399,-8.144307475231008,0.31928009638594373,0.701367169344185,1.2346778959217686,2.684714745918188,-0.05175870003390582,-1.5018107048558782,-11.123052641945167,0.5643307979299216,-1.078505048995987,-0.6608856108360739,-3.186157506102333,25.336949114352997,0.9709969499890184,-0.3167417370447249,-0.29409957226594224,3.1127107873430564,-2.46222532407704,1.5903366685018134,1.0800695852065056,3.348674745529095,-1.4253393694869012,-1.9117629296081913,0.9207760778123897,0.48282701643196796,-2.305509364961841,-2.744968261694856,3.475214253360349,-1.4829109759552817,-3.42874609396439,-0.7813040817131668,2.904211808137762
82,-1.056154225185032,3.693702368171492,1.9951948660239716,1.4976771512251543,0.806396017465561,0.3434902492622837,-9.011328963387097,-2.094594616525721,-1.5659871752189423,-2.6855578153881394,-2.4664457147343812,-1.430928089648383,-3.6126844918214283,-2.454558263896807,4.748988640535699,-1.4131144983623631,-1.7559009032402857,-0.01886518291385881,-8.080498058931989,0.14336768256455945,0.7221193835285641,1.2818394449757786,2.6874808489862954,0.16671073479090928,-1.6092543597234898,-11.112762118260651,0.33444333518814623,-0.9953948945235573,-0.7537101227816112,-3.0031905777550043,25.598314767478424,0.9876736502114711,-0.352228254960468,0.053610941197952316,3.2007733009566732,-2.3012581204772875,1.611755743088214,1.4807057885485349,3.439714017035904,-1.422362134229803,-1.7293629513801816,1.004971389950513,0.7449668450655459,-2.160887676206568,-2.646132503914743,3.4569079695979115,-1.478543152100002,-3.5341656717367314,-0.6423965697329136,2.6401677461691584
83,-0.7364775438005444,3.858790156201698,2.2135707972504997,1.804470604643777,0.5667038276164429,0.23285039752534625,-9.321602580087516,-2.2318489145896616,-1.0940279278226026,-3.0203471126513066,-2.454014652194631,-1.5611120606654112,-3.263848335648013,-2.218938119050218,4.605463419828067,-1.511940193752848,-2.289389524568421,0.13365085705533974,-8.455436066355277,0.01672916454860065,1.1001810983381104,1.2467632601642356,2.586891189714472,-0.0600504822180467,-1.5202805912558908,-11.28213936117592,0.36747794373466114,-0.8652415581338592,-1.2294943559531102,-3.295601593056742,26.027048726070944,1.0033961309326245,-0.09993833355741216,-0.023866391344809924,3.099732190557023,-2.5098149970843395,1.634144708691695,1.0725936932867455,3.6981773780339187,-1.4533286679754354,-2.0781508143681746,0.8779562689951832,0.8706681054579364,-2.317019111147053,-2.362944530380997,3.0063342715262538,-1.2250573623721532,-3.8398907990138924,-0.424684299219489,2.6263505990281226
84,-0.5909190619913699,3.472356175922083,2.182499911785119,1.4889193311038267,0.7343389374959842,0.21761754347044485,-8.799286362291173,-2.1129198306185506,-1.4171417999980196,-2.182637929006903,-2.2195031449436655,-1.3902521293822343,-3.3224986245401174,-2.275969605958106,4.648903148627901,-1.3793047451480658,-1.9267998288709538,0.060343067398090484,-8.06820357984242,-0.08878570537129063,0.8904503008066625,1.1839479049404416,2.16405582989198,0.23576386507307256,-1.451839686455883,-10.62366240519383,0.3113905399568009,-0.9872982290015737,-0.7486883701774835,-3.1871421919796408,24.93642209828157,1.0286461386394146,-0.13522542672510135,0.06307850307435463,3.103648242072117,-2.2648422536167545,1.6179820280597317,0.9573837505031471,3.068331704069053,-1.6288287780632404,-1.665250170321695,0.7816422416552707,0.8186533543252024,-2.1086569138383298,-2.368375567417056,3.070824818161077,-1.093233440864818,-3.743656826967426,-0.608798404471937,2.297017339702064
85,-1.1163372702061525,3.8337021224072005,2.1343726153735805,1.4649589600887334,0.8641754561176188,0.5306772819684226,-9.50148597477702,-2.3778898209185173,-1.6062920092707946,-2.786374128990582,-2.290845895390719,-1.2339481271003403,-3.6418450761148056,-2.267508332161705,5.076247315195038,-1.4381573574867832,-2.1442510194457687,0.12130134488227819,-8.730118795990846,0.060300562129684175,0.8201648925940731,1.1999294572829595,2.962147150154585,-0.03014731734224362,-1.4615470766977687,-11.494481714397724,0.1763268831317208,-1.1518523697917857,-0.6351260326995782,-3.181852070437017,26.724392159763635,1.1542233997974307,-0.3423153219020369,0.2613317506718678,3.4879667968103245,-2.2834085973470906,1.5407836289308086,1.4804525910570359,3.5617540636926037,-1.6595818482088194,-2.0183800481546736,0.8471460019270485,0.878265984483448,-2.4172886988009865,-2.3179038059033528,3.5406613872928654,-1.0770153322404052,-3.681125181902577,-0.7004268440763685,2.6913607424481434
86,-0.8303866540633615,3.5096323945583565,2.060093243348481,1.3319368222821384,0.3623343142734795,0.3027485280961211,-8.748711518352735,-1.9329531442062922,-1.341904271951018,-2.268806242134926,-2.1472278854281734,-1.3690499548909605,-3.0626872593204313,-2.01372868337041,4.193062272252195,-1.29999772034776,-1.4419910832455958,0.22870821493988583,-7.917464882321354,0.48044037734993034,0.5226665390142959,1.289359040659484,2.228353135585692,0.15389903025806306,-1.4439090981712313,-10.273926561558477,0.6388495336119715,-0.8663387853466983,-0.7215269515338564,-3.2614267197185485,23.565828599518227,0.8188964770004354,-0.27485971473746706,-0.5530965612458757,2.919436631003642,-1.9984033455696237,1.5324002714265625,0.6699173783681006,3.2952912302556796,-1.2920023622029606,-2.038848860962573,0.7694754592193387,0.6766801122492577,-2.0007103980056162,-2.64295622364296,2.9454211429559405,-1.1588688335035975,-3.447302585202564,-0.7975079317467446,2.2545486753645427
87,-1.2159196031362614,3.5423319992898414,2.5770519088003154,1.3197556241662876,0.7266889393045537,0.33057221676447546,-8.900693324002862,-2.0772623232517957,-1.5705353282657684,-2.7323203604374533,-2.4653640089502153,-1.4400270276958582,-3.848928418616022,-2.4351563028009746,4.601876747547279,-1.5691715680471712,-1.762009901346695,0.06866015553346065,-8.092125235908739,0.0877026302198497,0.5465199078687526,1.2310188572224752,2.408040494736255,0.055968165735772644,-1.3831253650248683,-10.780100488714817,0.708742898504563,-1.2457365451719118,-0.898300395123126,-3.1316929048404405,24.904126221846496,1.0615472014764917,-0.2080213968196916,0.0027937548958031255,3.230804285622253,-2.2439068069153167,1.8923571405708006,1.0298008688664846,3.2363427969480547,-1.355842937620562,-1.8272486821653797,0.7845901820317911,0.6040937444309402,-2.0144278460260914,-2.602090520042394,3.2357915701226627,-1.1353126896058132,-3.234099221106502,-0.8704665120247027,2.6047064916440057
88,-1.2211647602366225,3.6949647044772007,2.005237752029994,1.3725801742098955,0.6097035222783289,0.5169299600428107,-9.0421992567216,-1.970409248513687,-1.6252308622044154,-2.384465518880025,-2.191900216045299,-0.9949911854848191,-3.6293552912198574,-2.0929446374292566,4.685824107814165,-1.4401687930304157,-1.8212287730516419,-0.3282211871783644,-8.011486874921088,0.5125088114480629,0.6165937570953767,1.3461611271254648,2.8159626479765705,0.025941554243226708,-1.2865631457531674,-11.32339946037813,0.4294494470462997,-1.2963407006649406,-0.9953011340304986,-2.9635827395161582,25.359023448471884,1.0282830210593605,-0.18063518853889565,-0.39690610718592095,2.9460196954003175,-2.309207355130766,1.5597847588589844,1.27146834903229,3.2219541680360204,-1.4220821466965021,-1.8283714976556764,1.2248290337908505,0.47558104942355295,-2.3050605830930904,-2.4828231160755028,3.306033881596993,-1.4232412359906506,-3.4170178878605046,-0.9211883184768908,2.7830022831546866
89,-0.6692961386294992,3.5866328566071637,2.007097109682842,1.1965300718713927,0.6829772704698048,0.16710075643014208,-8.972148425900198,-2.3697946048671206,-1.4747354506287815,-2.2540156876091397,-2.066535984599021,-1.5244126164323637,-3.2355416645031085,-2.304738273262682,4.756026966063555,-1.2619536757070684,-1.8183523374221184,0.11105848350872727,-8.060146241626096,0.11248332590890833,0.8187959429687359,0.9727523904570888,2.6159363098554196,0.13010743422661494,-1.6042492953049043,-11.670599953048024,0.021726988188467345,-0.95454854520275,-0.9586457445884821,-2.803641836043988,27.153886196408006,1.1283323844868862,-0.5441826254204768,-0.08406381478533881,2.9736492153983534,-2.314988283990009,1.429160221051114,1.1526644872298935,3.1527990097688816,-1.5876924453799832,-2.0762634007089242,0.9995090042411047,0.6318980579574962,-2.3854951993135622,-2.618811263018466,3.145600471429891,-1.37633529019812,-3.586375746000537,-0.6153876459577429,2.298198862592789
90,-0.9717931393077152,4.090773577313756,1.7680047212253722,1.3335002455596219,0.9332067221640123,0.34495899987967293,-9.808646736707432,-2.153298429544806,-1.619982361995271,-2.980345083843828,-2.802069462645426,-1.0073628926206535,-3.5643711501897695,-2.2562771132251878,4.925068026690796,-1.288623735218927,-2.0023363006973116,-0.1876712193681471,-8.566361754055027,0.15331876719919374,1.1065836292988929,1.6491950741099328,3.0668514720507387,0.08680867039726257,-1.448905792216558,-12.230510100932177,0.2690489210604613,-0.875024772733658,-0.806466978857445,-3.3354562161834593,27.42622254379437,1.0908348960579777,-0.5522701199523049,-0.019967301730453038,3.315909208709206,-2.296734167741696,1.5941482808600613,1.284962894203372,3.60018248052903,-1.6278317464289502,-1.940472426939891,1.4510459497781318,0.4311401833570247,-2.6615731263192197,-2.167599274650443,3.5447770627214528,-1.4511101480271933,-4.172206787078798,-0.6395426504209868,2.9484177674576997
91,-0.9547167194151434,3.77896061752412,2.2455668554221115,1.7696963197688729,0.5950606081154975,0.35153735404252695,-9.014597028623605,-2.2085530526792843,-1.7066368167255217,-2.293841707236877,-2.105444475415105,-1.1371545707351403,-3.724569362499744,-1.9841506622915377,5.174950902883847,-1.5062242085854445,-1.8989349775635695,-0.08005544570341704,-8.585349910613306,0.1983882499503722,0.5938421934431082,1.132094836029595,2.7880999611902064,0.1976914210244631,-1.340571368544619,-10.84131522135634,0.4056636918280191,-1.1157487681659561,-0.8462035980334933,-3.2054312156407616,25.534777847942095,1.1479170078857648,-0.2219479908032147,0.016284301558653104,3.122824399910048,-2.2133020812403963,1.792865690349692,1.1766828536413465,3.0799766512081805,-1.6117662637563612,-1.6845770141838716,0.9304236034680351,0.8004623362134946,-2.3277382297669216,-2.552333945251418,3.306144966785877,-1.0658636498096257,-3.404321256458536,-0.6548405201755315,2.5992353865360913
92,-1.1098833603557872,3.8454562658896108,2.1413629705441117,1.7076611981404048,0.34206314857390824,0.2058543181369317,-9.190296247959644,-2.15076520724586,-1.3305785389339568,-2.510409114429388,-2.3714829794440417,-1.0037800368357872,-3.506888293119134,-2.067895069696722,4.577098119974388,-1.2443703581993586,-1.6876123300789274,0.2093457533228399,-8.044715423406384,0.020248304043145583,0.784214156839725,1.117357667948439,2.5944085574757243,0.06889868555228613,-1.290235704419055,-10.925265775901245,0.261930166720471,-1.0021490422564467,-0.6149098153448981,-3.0241377335241766,25.14836555555655,0.7513947110438188,-0.5511301962156037,-0.4275123419003332,3.0189535918716994,-2.0631425697558727,1.5723642755522655,0.9924170277936849,3.2063541974328325,-1.5201690348321732,-1.8589122383892696,0.903899688070951,0.14824091231460906,-2.1781492713630537,-2.348296361475962,3.139177158090668,-1.07800442453321,-3.694660724807234,-0.8181737035333323,2.7392569122751054
93,-1.0541909116884187,3.2294379852743855,2.382653372031787,1.5309594500652202,0.21423817874775367,0.19556399404615457,-8.440482540356498,-2.2067101176451644,-1.3742654164744874,-2.398985872090391,-2.2475054068487204,-1.1182614481587243,-3.3189389532384075,-1.9367419099765386,4.23688059781665,-1.3985963566217918,-1.7697393857617518,0.31659171579124773,-7.530473253305319,-0.3634977868711908,0.618969974883034,0.8229892671629454,2.426299598769227,-0.08309417413311916,-1.298330954666554,-10.175233445863766,0.2536841012353531,-0.820046902584903,-0.580697696795905,-2.684121228994315,23.62483046710332,0.7638156039667447,-0.43328551492669115,0.012875205635128366,2.9641942030024797,-2.164295074476452,1.3662293227148103,1.0344794128819292,2.9311229160766565,-1.3770117660055305,-1.861166185861049,0.881296908130672,0.6399600741915562,-2.1503649922215398,-2.4112862659961376,3.0638404727412545,-1.0939214318570827,-3.155016467702232,-0.6358064653292272,2.5029694578365973
94,-0.9931038448477446,3.873579034167514,2.1827212487962044,1.4312482533219377,0.8181777549080589,0.015436700015425561,-9.784840604205495,-2.0330500112644447,-1.5467099737266015,-3.068297499548056,-2.878202532419163,-1.4513592032534484,-3.6413329860072907,-2.2812557183400144,4.673053506820735,-1.5186864669749514,-1.802142884949408,-0.050636458429827245,-8.709737126949667,0.008654646349408488,0.628032464460403,1.4005578317913248,2.467921983921768,0.1464759462789856,-1.6847316027154366,-11.910156086167003,0.45656215401649575,-0.9586625976179257,-0.6131831225453375,-3.3346777523539424,26.89658594850473,0.9499571874017293,-0.45568102861075227,-0.70878459133899,3.1240838225901557,-2.2926444424056722,1.8600210916357627,0.7875384707695151,3.5682361299530254,-1.371170737967486,-2.046401031761923,1.1189895990649807,0.35592131605594346,-1.8564294603525642,-2.663108240472401,3.5650452424772485,-1.4571581902426107,-3.628665441541799,-0.9420355802117375,3.0493114087289483
95,-1.0965139394464687,3.65028255045911,1.918275260062701,1.2520169184773267,0.809042624049405,0.1901788043658028,-8.99816462097479,-1.9394510530141036,-1.6925583152182135,-2.742033996906014,-2.2450241050356636,-0.8306002115177801,-3.426418326679595,-2.353620247807127,4.493204181994546,-1.2236505620082831,-1.5340019694189024,-0.26305466267880795,-7.804427732412373,0.3480614238905606,0.5523306282517084,1.2731575190030346,2.4938343833346943,-0.10152610155345088,-1.2369794173290674,-11.19197488800608,0.2850007845306994,-1.0892586568318676,-0.9970320349797221,-3.021010048179124,24.56954632009951,0.7996733039927119,-0.36087799767961065,-0.2867895738812958,2.8296815889928126,-2.099201490106542,1.26803874325767,1.0013820158013553,3.313742334155528,-1.398087545333839,-1.629222719741726,1.326732959553905,0.4341962144532377,-2.385600668091189,-2.165016639567713,3.0036475492861725,-1.3251941201937028,-3.4449058415736213,-0.8169784764887971,2.516796479972491
96,-1.077290393626287,3.8180989686689775,2.375744457004801,1.5871464023356108,0.6792890907977472,0.4042497039397559,-9.854134939956383,-2.068568162498758,-1.5467617779870722,-2.597659730933861,-2.6855022087420544,-1.2668574253129974,-3.855346922109155,-2.586055171794121,5.127482698136837,-1.701549917156493,-2.0715712800555264,-0.20859767778485366,-8.872534669497295,0.13701341102493925,0.7197446718441423,1.6032609002034874,3.039736982027664,0.34652110220578725,-1.6545720016643681,-11.52392549854713,0.6590196571094792,-1.1431886688091348,-0.7512103032290943,-3.3992082524927025,26.82272652801971,1.0138170686665067,-0.002994310732993265,-0.0996824506240526,3.5339151656322185,-2.37264611104427,1.8419653468794244,1.0960783329368253,3.760916129210035,-1.622804913450264,-1.6221326373879672,1.389491723866512,0.4795774934912348,-2.3481957734342447,-2.684930629273211,3.4111955096733704,-1.274600105666554,-3.8721862104813374,-0.7868467797779239,3.2381883716704323
97,-1.6047111934609308,4.238653128026674,2.436024426143113,1.2880683303803047,0.6709167723358438,0.7945895452113931,-9.709627543936561,-2.273178238723526,-1.799768856563691,-2.8154197608520715,-2.380593744371092,-0.9563691795657505,-4.191899453236085,-2.372639811221689,5.048051682806678,-1.4681928704153733,-1.8296125688120737,-0.29843776198434274,-8.880560220825224,0.24942364255996732,0.7204743212771212,1.5764990209849246,2.9492792786333877,-0.0554595746773186,-1.5204234463585837,-11.420133995113757,0.3769097887765446,-1.3306863225507177,-0.8471061267806934,-3.3354632950243985,26.267228287994055,1.1133478684801767,0.0013657293451002329,-0.2614636878062368,3.6644492167850937,-2.122783363183661,1.9282637297492087,1.3429399307599623,3.634586203287832,-1.7504113523988618,-1.6741732622815981,1.1627168243435753,0.7406707345860952,-2.6810117277420655,-2.689653319736166,3.586287979784457,-1.0831077774765792,-3.736671515319973,-0.8933351683279547,2.963083156571403
98,-0.7465456865397347,3.947445501652213,2.4661446693616584,1.6387811979427354,0.6322154184543738,0.31024835905918147,-9.5280846197617,-2.238888140088424,-1.4406480243558286,-2.711401958821196,-2.5583219002681323,-1.4710871038374154,-3.799613672767559,-2.2517073778503978,5.03003645637738,-1.3904219085336993,-2.0353680856892837,-0.16874238861766944,-8.584541435987576,0.08217936324032042,1.1820272485727936,1.1305020068694978,2.735418373493755,0.13068773851812537,-1.7896440049222766,-12.044010027453963,0.6529086143471212,-1.0734272740086608,-1.1417189449670218,-3.224188496516872,27.70171297487257,1.1656162341214067,-0.2710365493867759,-0.09749210593909349,3.231639872054471,-2.6235422474771797,1.6778861770618336,1.1392085068919096,3.7282156457111557,-1.5012176709177583,-2.1066680247860066,1.070036493508816,0.83132774774862,-2.1991034686918756,-2.6010299230139786,3.347975948804282,-1.354847774559873,-3.368340020253669,-0.595515280340418,2.660829920269888
99,-1.0729423734508499,3.3330616611665906,2.2658562151269606,1.5593487155877463,0.5041667845041012,0.10713366409876954,-8.635747401171754,-2.066127999979486,-1.74437979802168,-2.556765390498319,-2.4069754614964425,-1.2614465408646311,-3.7001162762878583,-2.2708471988750976,4.388551064384916,-1.5375286813714146,-1.7444458102694471,0.19737426765745955,-7.8780097168317935,0.320948198837301,0.47435799049023586,1.0126042744918544,2.1789244177716514,-0.009020490331952619,-1.4069658779427061,-10.735388666077153,0.3522699824355234,-1.2859175203239053,-0.9598539438665437,-3.011899738226104,24.264117264808597,0.7840871228740304,-0.4464917756114938,-0.3654085032947396,2.910676913626932,-2.263427605157679,1.6305320411126154,0.8574634183573404,2.9786108352247265,-1.5106590572577359,-1.9787315941028751,0.6839908818082057,0.495068613532507,-2.1187145458390044,-2.5585872920292534,3.214061125930477,-1.2609804806291558,-3.3610955317771305,-0.7584042270951851,2.6260402054373135
